Compound,Date,Negative,Neutral,Newsfeed,Positive,Text,Tweets Ago
0.7067,Sun Sep 30 15:02:11 +0000 2018,0.796,0.0,@BBCBreaking,0.204,"RT @5liveSport: That's it!

Mickelson hits the water and concedes to Francesco Molinari!

#TeamEurope have won the #RyderCup !!

üéôÔ∏èüìªhttps:/‚Ä¶",1
-0.7351,Sun Sep 30 06:52:14 +0000 2018,0.708,0.292,@BBCBreaking,0.0,At least 832 people now known to have died in Indonesian earthquake and tsunami - emergency officials https://t.co/uBzqMfoKLJ,2
0.2732,Sat Sep 29 14:18:39 +0000 2018,0.812,0.066,@BBCBreaking,0.122,Senior Tory MPs have had their personal details exposed due to security flaw in Conservative conference app https://t.co/AF063jzOxD,3
-0.5574,Sat Sep 29 07:33:05 +0000 2018,0.833,0.167,@BBCBreaking,0.0,At least 384 people now known to have died after an earthquake and tsunami hit a coastal Indonesian city https://t.co/IprVdGRuCg,4
0.5574,Fri Sep 28 21:09:09 +0000 2018,0.833,0.0,@BBCBreaking,0.167,US President Donald Trump orders FBI to reopen background inquiry into Supreme Court nominee Brett Kavanaugh over s‚Ä¶ https://t.co/ZgqnxO5Gox,5
0.5719,Fri Sep 28 18:04:12 +0000 2018,0.773,0.0,@BBCBreaking,0.227,Brett Kavanaugh's nomination to US Supreme Court backed by Senate committee as discussions continue over FBI inquiry https://t.co/KKe4X2DRQA,6
0.34,Fri Sep 28 17:44:43 +0000 2018,0.902,0.0,@BBCBreaking,0.098,"Facebook says the security flaw has been fixed and it has informed police. In a statement it says ""we have yet to d‚Ä¶ https://t.co/naGAXzvkxG",7
0.0,Fri Sep 28 17:08:56 +0000 2018,1.0,0.0,@BBCBreaking,0.0,"50 million Facebook accounts compromised, the social network says - in all, 90m accounts will have to take action https://t.co/GL3MyqXgHF",8
-0.296,Fri Sep 28 15:55:27 +0000 2018,0.872,0.128,@BBCBreaking,0.0,"Officers searching for missing Worcester student Thomas Jones, 18, find a body in the River Severn https://t.co/Zj8Ug65gr0",9
0.0,Fri Sep 28 12:54:18 +0000 2018,1.0,0.0,@BBCBreaking,0.0,Danish police seal off bridges and ferries to Sweden and Germany in a major operation https://t.co/uvVH4ANjHm,10
-0.743,Fri Sep 28 09:46:20 +0000 2018,0.717,0.283,@BBCBreaking,0.0,"Pret a Manger‚Äôs allergy labelling was inadequate, says coroner in case of girl who died after eating a baguette https://t.co/93qasWccnJ",11
-0.5859,Thu Sep 27 20:29:32 +0000 2018,0.613,0.283,@BBCBreaking,0.104,Tesla chief executive Elon Musk accused of fraud by the US Securities and Exchange Commission https://t.co/Qf8jtsrv8G,12
0.0352,Thu Sep 27 19:18:04 +0000 2018,0.706,0.144,@BBCBreaking,0.15,"""My family and my name have been totally and permanently destroyed"" - US Supreme Court nominee Brett Kavanaugh reac‚Ä¶ https://t.co/bH7othXr2Q",13
0.0258,Thu Sep 27 15:14:06 +0000 2018,0.942,0.0,@BBCBreaking,0.058,"RT @BBCSport: The proposed ¬£600m sale of Wembley Stadium has been unanimously backed by the Football Association's board.

https://t.co/6sX‚Ä¶",14
-0.6395,Thu Sep 27 14:40:05 +0000 2018,0.801,0.199,@BBCBreaking,0.0,"""I am here today not because I want to be. I am terrified. I am here because I believe it is my civic duty to tell‚Ä¶ https://t.co/1mIY5lYWdC",15
-0.7351,Wed Sep 26 16:32:23 +0000 2018,0.721,0.279,@BBCBreaking,0.0,The real identity of one of the Salisbury Novichock poisoning suspects is revealed by an investigative website https://t.co/5ySt719D3g,16
0.0,Wed Sep 26 14:55:12 +0000 2018,1.0,0.0,@BBCBreaking,0.0,"China has been attempting to interfere in the mid-term elections in November, President Trump tells UN https://t.co/FkYVJlPMaW",17
-0.0258,Wed Sep 26 13:08:57 +0000 2018,0.783,0.111,@BBCBreaking,0.106,"Suspects in the 1974 Birmingham pub bombings will not be named at fresh inquests, the appeal court rules https://t.co/RqzM3HkGfz",18
-0.8271,Tue Sep 25 18:13:58 +0000 2018,0.688,0.312,@BBCBreaking,0.0,"""Sexually violent predator"" Bill Cosby given three to 10-year jail term for drugging and molesting a woman in 2004 https://t.co/vNPK6YmTfA",19
0.4215,Tue Sep 25 14:50:14 +0000 2018,0.877,0.0,@BBCBreaking,0.123,"""Stronger, safer, richer"": Donald Trump tells UN he has done more in under two years than almost any prior president https://t.co/coDul33Afk",20
0.0,Mon Sep 24 17:24:24 +0000 2018,1.0,0.0,@BBCBreaking,0.0,"Amid concerns about his job, Trump-Russia probe chief Rod Rosenstein has ""extended conversation"" with President Tru‚Ä¶ https://t.co/IAXR7JSl1Y",21
0.0,Mon Sep 24 15:11:09 +0000 2018,1.0,0.0,@BBCBreaking,0.0,"Rod Rosenstein, the man overseeing Trump-Russia probe, en route to White House amid reports he will offer to quit https://t.co/3kxi0m3UId",22
0.8395,Sat Sep 22 21:46:29 +0000 2018,0.715,0.0,@BBCBreaking,0.285,"RT @BBCSport: Anthony Joshua wins! ü•ä

He‚Äôs won by knockout in round 7!

AJ retains his heavyweight titles. 

Live reaction https://t.co/e2u‚Ä¶",23
0.2263,Sat Sep 22 20:09:28 +0000 2018,0.899,0.0,@BBCBreaking,0.101,"Labour should be prepared to back demands for a new Brexit referendum, deputy leader Tom Watson has said. https://t.co/x9EOYEtffe",24
-0.0258,Sat Sep 22 18:48:42 +0000 2018,0.579,0.212,@BBCBreaking,0.208,The woman accusing Supreme Court nominee Brett Kavanaugh of sexual assault agrees to testify against him next week https://t.co/W5RTtIVAwN,25
0.25,Sat Sep 22 18:23:52 +0000 2018,0.67,0.139,@BBCBreaking,0.191,US cable giant wins rare blind auction process set by the UK's Takeover Panel. https://t.co/Lc0sggm0FL,26
-0.5574,Sat Sep 22 12:20:02 +0000 2018,0.783,0.217,@BBCBreaking,0.0,Chas Hodges - one half of the musical duo Chas &amp; Dave - has died https://t.co/sLok83mgNk,27
0.128,Sat Sep 22 11:10:39 +0000 2018,0.797,0.092,@BBCBreaking,0.112,"Man rescued from air pocket in sunken Lake Victoria ferry, two days after it capsized with loss of around 170 lives https://t.co/l5rG7Bsa58",28
-0.875,Sat Sep 22 06:19:09 +0000 2018,0.615,0.385,@BBCBreaking,0.0,"Several people killed in gun attack during Iranian military parade in south-west city of Ahvaz, state media says https://t.co/OweQk7y5Qp",29
0.6542,Fri Sep 21 13:17:13 +0000 2018,0.789,0.0,@BBCBreaking,0.211,"""No-one wants a good deal more than me, but the EU should be clear I will not overturn the result of the referendum‚Ä¶ https://t.co/xGM9JxrjiN",30
-0.5106,Fri Sep 21 13:14:06 +0000 2018,0.858,0.142,@BBCBreaking,0.0,"UK PM Theresa May demands new proposals from EU to break Brexit ""impasse"" after Chequers plan rejected by EU leaders https://t.co/4IzVJBIco0",31
0.0,Fri Sep 21 12:02:41 +0000 2018,1.0,0.0,@BBCBreaking,0.0,"UK PM Theresa May to make statement in Downing Street on state of #Brexit negotiations at 13:45 BST

https://t.co/SUQnGZEPKZ",32
-0.3818,Fri Sep 21 07:52:13 +0000 2018,0.852,0.148,@BBCBreaking,0.0,"At least 86 bodies are found after a Tanzanian ferry overturns in Lake Victoria, officials say https://t.co/Pcy3ObgGin",33
0.0,Thu Sep 20 16:10:35 +0000 2018,1.0,0.0,@BBCBreaking,0.0,Multiple deaths and injuries after a shooting at a pharmacy distribution centre in Maryland - US police https://t.co/38OudkxJja,34
-0.4404,Thu Sep 20 14:13:40 +0000 2018,0.873,0.127,@BBCBreaking,0.0,"After criticism of her Chequers plan by EU leaders, Theresa May stands by her #Brexit proposals as ""the only seriou‚Ä¶ https://t.co/jAq6ulD1iY",35
0.3612,Thu Sep 20 13:36:45 +0000 2018,0.878,0.0,@BBCBreaking,0.122,"European Council President Donald Tusk says EU leaders agree Theresa May's Chequers plan for #Brexit ""will not work‚Ä¶ https://t.co/9Mc9yWQLUJ",36
0.0,Thu Sep 20 12:59:39 +0000 2018,1.0,0.0,@BBCBreaking,0.0,"RT @BBCSport: The suspension of Russia's anti-doping agency (Rusada) has been lifted despite widespread opposition.

Full story: https://t.‚Ä¶",37
0.0772,Wed Sep 19 10:21:14 +0000 2018,0.909,0.0,@BBCBreaking,0.091,Pakistan court orders release of ex-PM Nawaz Sharif and suspends his jail sentence https://t.co/3LqxVQ6F51,38
-0.3612,Wed Sep 19 09:36:38 +0000 2018,0.878,0.122,@BBCBreaking,0.0,"Woman dies after caravan blown off cliff in Galway, Ireland as Storm Ali brings disruption to British Isles https://t.co/wubY4511gO",39
0.0,Wed Sep 19 08:33:35 +0000 2018,1.0,0.0,@BBCBreaking,0.0,"UK inflation rate for August unexpectedly rises to 2.7%, highest in six months https://t.co/GmqT0MuLhi",40
0.5423,Wed Sep 19 02:59:21 +0000 2018,0.769,0.0,@BBCBreaking,0.231,"Moon and Kim hail new future for North and South Korea, signing wide-ranging agreement in Pyongyang https://t.co/QNzHH5gdDP",41
-0.5859,Tue Sep 18 16:12:26 +0000 2018,0.78,0.22,@BBCBreaking,0.0,Germany's spy chief forced out of job over his controversial response to reports of far-right unrest in Chemnitz https://t.co/NUAvqHojSE,42
-0.2023,Tue Sep 18 13:13:51 +0000 2018,0.917,0.083,@BBCBreaking,0.0,"RT @BBCSport: Ben Stokes and Alex Hales have been charged with bringing the game into disrepute by the ECB.

https://t.co/1mH5geVa1O https:‚Ä¶",43
-0.5267,Mon Sep 17 22:41:12 +0000 2018,0.725,0.202,@BBCBreaking,0.073,The US is imposing new tariffs on $200bn (¬£150bn) worth of Chinese goods as it escalates its trade war with Beijing https://t.co/CjuxgjX23d,44
-0.5574,Mon Sep 17 18:11:18 +0000 2018,0.833,0.167,@BBCBreaking,0.0,Thai cave rescuer Vernon Unsworth sues Elon Musk over his repeated claims the British diver is child abuser https://t.co/wJeixByjo9,45
0.0772,Mon Sep 17 16:42:17 +0000 2018,0.813,0.086,@BBCBreaking,0.1,Russia and Turkey to create buffer zone in Syria's northern Idlib province to separate Syrian forces and rebels https://t.co/1xjM2afBPr,46
-0.0516,Mon Sep 17 14:42:34 +0000 2018,0.697,0.156,@BBCBreaking,0.148,"US Supreme Court nominee Brett Kavanaugh says sexual assault claim against him is ""completely false"" in first comme‚Ä¶ https://t.co/MPyA5T4jiH",47
0.1027,Mon Sep 17 09:18:01 +0000 2018,0.802,0.086,@BBCBreaking,0.111,"International Monetary Fund warns no-deal #Brexit would inflict ""substantial costs"" on the UK economy https://t.co/qBkhE3584i",48
0.0,Sun Sep 16 19:30:19 +0000 2018,1.0,0.0,@BBCBreaking,0.0,"Police have sealed off the Prezzo restaurant in High Street, Salisbury, following a 'medical incident' involving a man and a woman",49
0.0516,Sun Sep 16 19:24:39 +0000 2018,0.667,0.162,@BBCBreaking,0.171,Correction: Christine Blasey Ford reveals she was teenager allegedly assaulted by Supreme Court nominee Kavanaugh https://t.co/NMZLm0Ro4C,50
0.0,Sun Sep 16 09:31:11 +0000 2018,1.0,0.0,@BBCBreaking,0.0,"RT @BBCSport: Kenya's Eliud Kipchoge has set a new marathon world record in Berlin.

https://t.co/D9EEUxebgM https://t.co/mb8oigT6FB",51
-0.6486,Sat Sep 15 01:32:56 +0000 2018,0.83,0.17,@BBCBreaking,0.0,"At least five dead as Florence mauls US East Coast

¬∑Winds of up to 70mph (110km/h) expected for several days
¬∑Almo‚Ä¶ https://t.co/dAXPvHdCAW",52
-0.6705,Fri Sep 14 21:00:56 +0000 2018,0.791,0.209,@BBCBreaking,0.0,"Hurricane Florence downgraded to tropical storm
 
‚Ä¢ Four people killed as storm batters US East Coast
‚Ä¢ 600,000 hom‚Ä¶ https://t.co/EWslcjopvp",53
-0.6887,Fri Sep 14 18:28:18 +0000 2018,0.608,0.325,@BBCBreaking,0.066,"Typhoon Mangkhut reaches northern Philippines with officials warning of possible ""very heavy damage"" https://t.co/ez3FCfWNV1",54
0.2023,Fri Sep 14 15:41:17 +0000 2018,0.886,0.0,@BBCBreaking,0.114,"Trump's former campaign manager Paul Manafort agrees to co-operate with Mueller probe, prosecutor says https://t.co/o8VmfnfWtx",55
0.0,Fri Sep 14 11:48:34 +0000 2018,1.0,0.0,@BBCBreaking,0.0,"#HurricaneFlorence latest

‚Ä¢ Centre of hurricane eye makes landfall
‚Ä¢ More than 300,000 people without power 
‚Ä¢ Eva‚Ä¶ https://t.co/hxwsLoRxka",56
0.0,Fri Sep 14 10:05:23 +0000 2018,1.0,0.0,@BBCBreaking,0.0,"#HurricaneFlorence makes landfall on east coast of US

Follow our live updates https://t.co/DEangW2yzK https://t.co/yy1qY9b4ui",57
-0.7351,Thu Sep 13 10:26:24 +0000 2018,0.721,0.279,@BBCBreaking,0.0,Suspects in poisoning of ex-Russian spy Sergei Skripal tell state-sponsored TV network RT they visited Salisbury as‚Ä¶ https://t.co/wJsPNLoMCp,58
-0.7351,Thu Sep 13 10:13:52 +0000 2018,0.733,0.267,@BBCBreaking,0.0,Two men named as suspects in poisoning of Russian ex-spy claim they were merely tourists to Salisbury Cathedral https://t.co/PFXBDyJrkf,59
-0.8442,Wed Sep 12 15:02:35 +0000 2018,0.664,0.336,@BBCBreaking,0.0,"British couple who died at Egyptian hotel were killed by E. coli, the country's general prosecutor says https://t.co/PqSvcJ75N8",60
-0.2556,Wed Sep 12 07:06:33 +0000 2018,0.721,0.161,@BBCBreaking,0.118,"""Nothing criminal"" about men named by UK over poisoning of ex-Russian spy Sergei Skripal and daughter, Putin says https://t.co/UjoGhhCn3G",61
0.658,Tue Sep 11 16:30:50 +0000 2018,0.846,0.0,@BBCBreaking,0.154,"RT @bbctms: WICKET!
There it is! Anderson cleans up Shami, bowled for 0. England win the match and Jimmy Anderson takes his 564th Test wick‚Ä¶",62
0.5267,Tue Sep 11 09:21:43 +0000 2018,0.871,0.0,@BBCBreaking,0.129,"RT @BBCSport: Uefa plans to introduce a third European club competition alongside the Champions League and Europa League from 2021.

üëâ http‚Ä¶",63
-0.4404,Tue Sep 11 08:35:00 +0000 2018,0.828,0.172,@BBCBreaking,0.0,"UK unemployment fell by 55,000 in the three months to July, ONS figures say https://t.co/XYEvJ6AbkM",64
0.0,Mon Sep 10 14:09:41 +0000 2018,1.0,0.0,@BBCBreaking,0.0,England's leading Test run scorer Alastair Cook dismissed for 147 in his last ever innings for his country‚Ä¶ https://t.co/XCWX52LxXE,65
-0.3707,Mon Sep 10 11:45:36 +0000 2018,0.904,0.096,@BBCBreaking,0.0,"RT @bbctms: THERE IT IS!
What a moment for Alastair Cook on his last-ever Test innings he brings up his hundred! Not sure he'd have expecte‚Ä¶",66
0.6249,Sun Sep 09 18:09:57 +0000 2018,0.718,0.0,@BBCBreaking,0.282,"Sweden's far right makes gains in election as establishment parties deadlocked, exit polls predict https://t.co/GXIMNX2uTb",67
-0.8555,Sun Sep 09 17:03:42 +0000 2018,0.58,0.42,@BBCBreaking,0.0,"28-year-old woman charged with attempted murder after man stabbed on Saturday in Barnsley, South Yorkshire https://t.co/IQTo0Ap8cW",68
0.8402,Sat Sep 08 21:47:17 +0000 2018,0.577,0.083,@BBCBreaking,0.34,Naomi Osaka beats Serena Williams 6-2 6-4 to win US Open - the first Japanese player to win Grand Slam singles title https://t.co/y9hsSHkKZy,69
-0.9231,Sat Sep 08 17:02:27 +0000 2018,0.53,0.47,@BBCBreaking,0.0,"Woman, 28, arrested after man stabbed in Barnsley, South Yorkshire is being held on suspicion of attempted murder https://t.co/iWCXSe2gLM",70
-0.7184,Sat Sep 08 09:38:43 +0000 2018,0.76,0.24,@BBCBreaking,0.0,"One person arrested after reports man had been stabbed in Barnsley town centre, as police investigate if it was an‚Ä¶ https://t.co/oyYQpXLyph",71
-0.0772,Sat Sep 08 09:10:30 +0000 2018,0.902,0.098,@BBCBreaking,0.0,"Police responding to ""serious incident"" in Barnsley, South Yorkshire, the force says https://t.co/hIXI30hWJ9",72
-0.6486,Fri Sep 07 21:28:58 +0000 2018,0.815,0.185,@BBCBreaking,0.0,"US rapper Mac Miller found dead at his Los Angeles home aged 26 after apparent overdose, US media report https://t.co/ytKhUKCXkC",73
-0.765,Fri Sep 07 20:45:14 +0000 2018,0.72,0.28,@BBCBreaking,0.0,Former Donald Trump aide George Papadopoulos jailed for 14 days for lying to the FBI in Russia investigation https://t.co/SIBVvJz398,74
-0.7871,Fri Sep 07 07:00:15 +0000 2018,0.433,0.427,@BBCBreaking,0.14,"BA boss ""extremely sorry"" after some customers' data stolen in ""very sophisticated criminal attack"" on website https://t.co/PGrIfzJlnG",75
-0.8225,Thu Sep 06 20:55:50 +0000 2018,0.612,0.388,@BBCBreaking,0.0,Twitter permanently bans US conspiracy theorist Alex Jones and Infowars for abusive behaviour https://t.co/6hp5VIIf7F,76
0.4019,Thu Sep 06 19:28:33 +0000 2018,0.847,0.0,@BBCBreaking,0.153,"Obituary: Burt Reynolds - full of charm &amp; swagger, he became one of Hollywood's best-known stars‚Ä¶ https://t.co/FNVMKFPafC",77
0.0,Thu Sep 06 19:06:08 +0000 2018,1.0,0.0,@BBCBreaking,0.0,"Burt Reynolds dies, aged 82 - he starred in a string of hits in the 1970s, including Smokey and the Bandit &amp; Delive‚Ä¶ https://t.co/eeqUAl3qVP",78
-0.2732,Thu Sep 06 17:00:22 +0000 2018,0.87,0.13,@BBCBreaking,0.0,A planned tax cut for 2.7m self-employed workers has been scrapped by the UK government https://t.co/v9Mbp69qsd,79
0.3245,Thu Sep 06 15:10:53 +0000 2018,0.543,0.159,@BBCBreaking,0.298,"US, France, Germany and Canada agree with UK that Russian government ""almost certainly"" approved Salisbury poisoning https://t.co/zEJwB5R0mT",80
-0.5574,Thu Sep 06 10:35:28 +0000 2018,0.783,0.217,@BBCBreaking,0.0,"Cranberries singer Dolores O'Riordan died by drowning due to alcohol intoxication, inquest told https://t.co/CdevEV5EYs",81
-0.128,Thu Sep 06 06:28:06 +0000 2018,0.524,0.249,@BBCBreaking,0.227,Gay sex is no longer a crime in India after a historic verdict by the Supreme Court https://t.co/GnrdzPPSuF,82
-0.7351,Wed Sep 05 12:11:06 +0000 2018,0.721,0.279,@BBCBreaking,0.0,"""This was not a rogue operation""

UK PM Theresa May says suspects in Salisbury poisoning investigation were Russian‚Ä¶ https://t.co/MbTg37F5H6",83
-0.34,Wed Sep 05 12:05:07 +0000 2018,0.636,0.233,@BBCBreaking,0.131,"Two Salisbury attack suspects are believed to be Russian military intelligence officers, UK PM Theresa May says https://t.co/cC5Plpg7J4",84
-0.4767,Wed Sep 05 10:09:08 +0000 2018,0.846,0.154,@BBCBreaking,0.0,"UK police name two Russian nationals saying there is ""sufficient evidence"" to charge them over Salisbury attack https://t.co/SXGLXtBgPY",85
0.7351,Wed Sep 05 10:01:06 +0000 2018,0.545,0.133,@BBCBreaking,0.321,"Rachael Bland, BBC presenter who won praise for her honest portrayal of cancer in her blog and podcast, dies aged 4‚Ä¶ https://t.co/90T6zvn51D",86
0.1779,Tue Sep 04 16:23:45 +0000 2018,0.918,0.0,@BBCBreaking,0.082,UK Labour‚Äôs ruling body the NEC to adopt in full an international definition of anti-Semitism after months of rows https://t.co/crqNidbgLk,87
-0.7906,Tue Sep 04 04:05:29 +0000 2018,0.682,0.318,@BBCBreaking,0.0,"Founder of Afghan militant network Jalaluddin Haqqani is dead after years of illness, the Taliban announces https://t.co/WL9DGkEoDd",88
0.0,Mon Sep 03 12:16:16 +0000 2018,1.0,0.0,@BBCBreaking,0.0,"2018 was joint-hottest summer on record for UK as a whole and the hottest for England, Met Office says https://t.co/dbKp5lDVPR",89
-0.0516,Mon Sep 03 07:14:50 +0000 2018,0.941,0.059,@BBCBreaking,0.0,Chris Evans reveals live on air he is to leave Radio 2 breakfast show after eight years at the helm https://t.co/xgzFkesyme,90
-0.6249,Mon Sep 03 04:08:27 +0000 2018,0.785,0.215,@BBCBreaking,0.0,Myanmar jails two Reuters journalists for seven years over their investigation into violence against Rohingyas https://t.co/csKrk4XPxD,91
0.0258,Mon Sep 03 00:43:10 +0000 2018,0.786,0.105,@BBCBreaking,0.109,"One of Latin America's largest natural history museums, in Brazil's Rio de Janeiro, has been hit by a massive fire https://t.co/hXegQI4Lsk",92
-0.34,Sun Sep 02 21:45:33 +0000 2018,0.882,0.118,@BBCBreaking,0.0,"Up in flames - dramatic images of fire at the Littlewoods Pools building, one of Liverpool's most famous landmarks https://t.co/sXBSryMSmE",93
-0.7003,Fri Aug 31 21:55:30 +0000 2018,0.721,0.279,@BBCBreaking,0.0,"Janbaz Tarin, 21, charged with murders of Raneem Oudeh and her mother Khaola Saleem in Solihull https://t.co/rKisbSWW2S",94
0.4215,Fri Aug 31 20:16:13 +0000 2018,0.859,0.0,@BBCBreaking,0.141,"The United States is ending all funding for the UN's Palestinian refugee agency, the State Department says https://t.co/V2RJe5Mtft",95
0.0,Fri Aug 31 19:54:02 +0000 2018,1.0,0.0,@BBCBreaking,0.0,"US-Canada trade talks break up without deal but negotiations will continue next week, US official confirms https://t.co/rb1dDmFCam",96
-0.6705,Fri Aug 31 15:53:33 +0000 2018,0.78,0.22,@BBCBreaking,0.0,"Leader of pro-Russian self-declared Donetsk republic in eastern Ukraine killed in cafe blast, his government says https://t.co/aNFtUbsJhI",97
-0.836,Fri Aug 31 14:16:56 +0000 2018,0.717,0.283,@BBCBreaking,0.0,Naa'imur Zakariyah Rahman jailed for life with minimum term of 30 years for plot to kill UK PM in Downing Street https://t.co/EfFMkw3ZjF,98
0.0,Fri Aug 31 09:15:51 +0000 2018,1.0,0.0,@BBCBreaking,0.0,London‚Äôs new Crossrail underground line will not open until autumn 2019 - nine months after its scheduled launch https://t.co/ngGSraTbFT,99
0.0,Fri Aug 31 06:08:23 +0000 2018,1.0,0.0,@BBCBreaking,0.0,Coca-Cola is to buy the Costa Coffee chain from Whitbread for ¬£3.9bn https://t.co/f49WFwsGMa,100
-0.7096,Sun Sep 30 20:39:53 +0000 2018,0.718,0.282,@CBSNews,0.0,"Tonight, on the season premiere of @60Minutes : Jailed doctor who prescribed opioids says he's a scapegoat, victim'‚Ä¶ https://t.co/M3KnEJQkrx",1
0.1406,Sun Sep 30 20:25:19 +0000 2018,0.934,0.0,@CBSNews,0.066,"RT @60Minutes: As we start Season 51 of 60 Minutes, we remain committed to investigations and in-depth reporting, but along the way, we'll‚Ä¶",2
0.0,Sun Sep 30 20:01:34 +0000 2018,1.0,0.0,@CBSNews,0.0,Behind the scenes of Jeff Flake's decision to call for an FBI probe into Kavanaugh allegations‚Ä¶ https://t.co/T75WMHufcC,3
0.7783,Sun Sep 30 19:19:38 +0000 2018,0.714,0.0,@CBSNews,0.286,"After performing on ""Saturday Night Live"" in a Make America Great Again hat, Kanye West reaffirmed his support for‚Ä¶ https://t.co/4CwssdtxqP",4
-0.2732,Sun Sep 30 18:40:12 +0000 2018,0.877,0.123,@CBSNews,0.0,"Iranian leaders have for years doubted whether the Holocaust happened. On @FaceTheNation, Iranian Foreign Minister‚Ä¶ https://t.co/ObFFqSfFfj",5
-0.7096,Sun Sep 30 18:19:55 +0000 2018,0.67,0.33,@CBSNews,0.0,White House counselor Kellyanne Conway says she is a victim of sexual assault https://t.co/Qb5F2lRtxk https://t.co/2qimlLhc1b,6
-0.6361,Sun Sep 30 17:59:54 +0000 2018,0.802,0.198,@CBSNews,0.0,".@johndickerson on Washington's wrenching week with the Kavanaugh and Ford hearings: 

""There is more anguish to co‚Ä¶ https://t.co/G1qDzjLVyB",7
0.0,Sun Sep 30 17:29:41 +0000 2018,1.0,0.0,@CBSNews,0.0,Riding the rails. Dancing with wolves. Flying with eagles. Here's what you'll see on the 51st season of @60Minutes‚Ä¶ https://t.co/xibxGxL4tG,8
0.0,Sun Sep 30 16:59:37 +0000 2018,1.0,0.0,@CBSNews,0.0,"""Boofed,"" ""Devil's Triangle,"" ""FFFFFFourth of July"": How Brett Kavanaugh explained his yearbook jokes‚Ä¶ https://t.co/DJFUYJ2C1E",9
0.7906,Sun Sep 30 16:19:37 +0000 2018,0.611,0.0,@CBSNews,0.389,Europe wins Ryder Cup over talented U.S. team to reclaim title https://t.co/NgJMARv7xh https://t.co/mixGu28F33,10
0.0,Sun Sep 30 15:59:43 +0000 2018,1.0,0.0,@CBSNews,0.0,How the FBI will investigate the Brett Kavanaugh allegations https://t.co/kM440YeZNU https://t.co/M3vDe3mKU1,11
0.4215,Sun Sep 30 15:31:27 +0000 2018,0.851,0.0,@CBSNews,0.149,"Iranian Foreign Minister Javad Zarif tells @FaceTheNation that President Trump is a ""bully"": ""The United States is‚Ä¶ https://t.co/8v5x3pqYHU",12
-0.296,Sun Sep 30 14:59:48 +0000 2018,0.896,0.104,@CBSNews,0.0,"John Dickerson on partisanship in the Kavanaugh/Ford hearings: ""At the end of this drama, there will be no winners""‚Ä¶ https://t.co/oia0cWatpw",13
0.0,Sun Sep 30 14:52:23 +0000 2018,1.0,0.0,@CBSNews,0.0,Sen. Amy Klobuchar tells @FaceTheNation that Brett Kavanaugh's drinking habits are relevant to the FBI's investigat‚Ä¶ https://t.co/6xt53KLRBh,14
-0.802,Sun Sep 30 14:49:53 +0000 2018,0.702,0.298,@CBSNews,0.0,A @48Hours investigation into one murder leads into the dark web and to the disruption of four potential murder-for‚Ä¶ https://t.co/HlfPqPtdrd,15
-0.4215,Sun Sep 30 14:44:58 +0000 2018,0.872,0.128,@CBSNews,0.0,"Sen. Tom Cotton says on @FaceTheNation that Christine Blasey Ford has been ""victimized by the Democrats"" in the han‚Ä¶ https://t.co/Ov8KODEBRn",16
-0.0516,Sun Sep 30 14:40:10 +0000 2018,0.746,0.132,@CBSNews,0.123,"Sen. Tom Cotton tells @facethenation: ""The Democrats have disgraced this process and the United States Senate in th‚Ä¶ https://t.co/oI02g3Em2b",17
0.0,Sun Sep 30 14:29:36 +0000 2018,1.0,0.0,@CBSNews,0.0,".@FaceTheNation starts now. This week's guests include @SenAmyKlobuchar, @SenTomCotton and @JZarif‚Ä¶ https://t.co/zu7iqUXOWJ",18
0.1531,Sun Sep 30 14:21:11 +0000 2018,0.918,0.0,@CBSNews,0.082,RT @60Minutes: What did Senate Judiciary Committee members think of Judge Brett Kavanaugh's emotional testimony? Republican Jeff Flake and‚Ä¶,19
-0.6705,Sun Sep 30 14:19:40 +0000 2018,0.645,0.355,@CBSNews,0.0,Catholic institute accused of failing to act on McCarrick allegations https://t.co/J0jDFFR8C4 https://t.co/KjySCxd8kw,20
-0.3751,Sun Sep 30 14:01:41 +0000 2018,0.707,0.2,@CBSNews,0.093,"RT @CBSSunday: EXCLUSIVE: CNN founder Ted Turner says he is battling Lewy body dementia, a progressive brain disorder which affects memory‚Ä¶",21
0.1877,Sun Sep 30 13:59:50 +0000 2018,0.902,0.0,@CBSNews,0.098,"Tens of thousands of women in Brazil say ""not him"" in protest against far-right presidential candidate‚Ä¶ https://t.co/AyG5yzR1Nh",22
-0.5267,Sun Sep 30 13:39:42 +0000 2018,0.793,0.207,@CBSNews,0.0,"Senate panel refers unidentified individual's ""apparent false statements"" about Kavanaugh for criminal investigation https://t.co/18qixewp9X",23
-0.1779,Sun Sep 30 13:19:51 +0000 2018,0.649,0.212,@CBSNews,0.139,Thousands of panicked people stampeded out of NYC's Global Citizen Festival Saturday night after confusing the soun‚Ä¶ https://t.co/Sx1z2jldpw,24
0.0,Sun Sep 30 13:03:04 +0000 2018,1.0,0.0,@CBSNews,0.0,"""Boofed,"" ""Devil's Triangle,"" ""FFFFFFourth of July"": How Brett Kavanaugh explained his yearbook jokes‚Ä¶ https://t.co/lz22ReLWnH",25
-0.3182,Sun Sep 30 12:48:04 +0000 2018,0.647,0.223,@CBSNews,0.129,Pentagon's top enlisted service member suspended amid misconduct probe https://t.co/MWjY9FHTxf https://t.co/qgwfzVSw8g,26
-0.7579,Sun Sep 30 12:33:04 +0000 2018,0.629,0.371,@CBSNews,0.0,National Guardsmen waved van around barricade blocking flooded road before 2 drowned https://t.co/p6FCW1mWa4 https://t.co/XYSyTpZ8SX,27
0.0,Sun Sep 30 12:18:03 +0000 2018,1.0,0.0,@CBSNews,0.0,"GoFundMe campaigns for Christine Blasey Ford raise over $700,000 combined https://t.co/NArWgZFlTq https://t.co/KZpyn1ZTbu",28
-0.7906,Sun Sep 30 12:03:03 +0000 2018,0.522,0.37,@CBSNews,0.109,"""We still have a rape culture,"" says mother of sexual assault survivor Chessy Prout https://t.co/2pPSTjisne https://t.co/w63HGIH5WD",29
0.0,Sun Sep 30 11:48:03 +0000 2018,1.0,0.0,@CBSNews,0.0,"Honda recall: Rear cameras and airbags lead to recall of Accord, Insight, Acura models https://t.co/tCUMkAOkKs https://t.co/chTGJSXFiE",30
0.0,Sun Sep 30 11:33:04 +0000 2018,1.0,0.0,@CBSNews,0.0,"Kavanaugh lawyer says accuser's lie detector test, therapist notes not turned over https://t.co/dwh8KdmOhw https://t.co/H6MzdpaqTf",31
-0.6486,Sun Sep 30 11:18:04 +0000 2018,0.719,0.281,@CBSNews,0.0,Former Massachusetts state senator found dead before his corruption trial https://t.co/T121cdzMFP https://t.co/YIVDyHqPfM,32
0.3818,Sun Sep 30 11:03:04 +0000 2018,0.776,0.0,@CBSNews,0.224,"Cedric the Entertainer talks race in ""The Neighborhood"" https://t.co/D9HNWCH4LW https://t.co/ya3Vo7DaMF",33
0.0,Sun Sep 30 10:48:04 +0000 2018,1.0,0.0,@CBSNews,0.0,Behind the scenes of Jeff Flake's decision to call for an FBI probe into Kavanaugh allegations‚Ä¶ https://t.co/78OjHbNSOC,34
0.0,Sun Sep 30 10:33:03 +0000 2018,1.0,0.0,@CBSNews,0.0,Iran airs video of close encounter with USS Theodore Roosevelt in Strait of Hormuz https://t.co/aWizH80wAB https://t.co/D9U7mHNdZY,35
0.0,Sun Sep 30 10:18:03 +0000 2018,1.0,0.0,@CBSNews,0.0,Inside the tiny green huts that shelter London's cab drivers https://t.co/suf7Iv1DYg https://t.co/UkuvX9MlNV,36
0.0,Sun Sep 30 10:03:04 +0000 2018,1.0,0.0,@CBSNews,0.0,"Trump signs short-term spending bill, averting shutdown ahead of midterms https://t.co/8xL3E2PcWg https://t.co/J8ZaLNO6H8",37
0.3612,Sun Sep 30 09:48:03 +0000 2018,0.872,0.0,@CBSNews,0.128,"Klobuchar says if she acted like Kavanaugh in his courtroom, ""he would have thrown me out"" https://t.co/OByMexBhON https://t.co/eWUS14ns93",38
0.4215,Sun Sep 30 09:33:03 +0000 2018,0.763,0.0,@CBSNews,0.237,"A year after shooting, Vegas voters see strengthened community https://t.co/T21rhnJKvp https://t.co/fkCxWHvMEE",39
-0.7184,Sun Sep 30 09:18:03 +0000 2018,0.667,0.333,@CBSNews,0.0,U.S. evacuates consulate in southern Iraq following attacks blamed on Iran-backed militias https://t.co/Dk5oTPu552 https://t.co/fWlGdvWKsn,40
0.3182,Sun Sep 30 09:03:03 +0000 2018,0.867,0.0,@CBSNews,0.133,"Ariana Grande and original stars Idina Menzel and Kristin Chenoweth to lead NBC's ""Wicked"" concert‚Ä¶ https://t.co/nQyMyuuldH",41
0.0,Sun Sep 30 08:48:04 +0000 2018,1.0,0.0,@CBSNews,0.0,F-35B military plane crashes in coastal South Carolina https://t.co/H7ZxBQM8CT https://t.co/Z9J8ouA02H,42
-0.4404,Sun Sep 30 08:33:04 +0000 2018,0.756,0.244,@CBSNews,0.0,"Shark attacks teen at beach in Encinitas, California https://t.co/WP29ZNsvzM https://t.co/Wf6tBlMun7",43
0.0,Sun Sep 30 08:18:03 +0000 2018,1.0,0.0,@CBSNews,0.0,"Review: Orson Welles' final film, ""The Other Side of the Wind"" https://t.co/wmYHWr1C8t https://t.co/QG7rlMLJUa",44
-0.2235,Sun Sep 30 08:03:03 +0000 2018,0.854,0.146,@CBSNews,0.0,"U.S. kids eating more fast food, healthier offerings not helping https://t.co/8weXEyQ3FY https://t.co/YyEVAxhoIx",45
-0.5267,Sun Sep 30 07:48:03 +0000 2018,0.779,0.221,@CBSNews,0.0,"Experts identify model in scandalous painting ""The Origin of the World"" https://t.co/CisipWn9AC https://t.co/63w2uMpd58",46
-0.5859,Sun Sep 30 07:33:03 +0000 2018,0.743,0.257,@CBSNews,0.0,High schoolers sound off on Kavanaugh allegations and sexual assault https://t.co/iq7BF8A00J https://t.co/BPYx7JTzhe,47
0.0,Sun Sep 30 07:18:04 +0000 2018,1.0,0.0,@CBSNews,0.0,"Michelle Obama urges voters to ""take their power back"" at registration rally https://t.co/WuFRcCsbxE https://t.co/616mljrm4x",48
-0.5994,Sun Sep 30 07:03:04 +0000 2018,0.71,0.29,@CBSNews,0.0,Airline now says one passenger is missing after Micronesia lagoon plane crash https://t.co/nq0EJVZx9F https://t.co/9oF0Qm3n4P,49
0.0,Sun Sep 30 06:48:03 +0000 2018,1.0,0.0,@CBSNews,0.0,Judge's ruling enables Kentucky's last abortion clinic to stay open https://t.co/2IMnkMZ735 https://t.co/G5vitpmPA1,50
0.0,Sun Sep 30 06:33:04 +0000 2018,1.0,0.0,@CBSNews,0.0,"Wrongfully convicted Chicago residents recall life under corrupt cop and his ""gang"" https://t.co/lRNU6RpBkH https://t.co/lL5OtTtZ2W",51
-0.765,Sun Sep 30 06:18:04 +0000 2018,0.602,0.398,@CBSNews,0.0,Texas man executed for running over girlfriend in jealous rage https://t.co/7NUDe5sOLd https://t.co/z8dTau3n3R,52
0.0,Sun Sep 30 06:03:03 +0000 2018,1.0,0.0,@CBSNews,0.0,"Federal judge cites Trump's alleged ""sh*thole countries"" remark https://t.co/v0HO7uc32H https://t.co/IsmyrI2xaj",53
-0.296,Sun Sep 30 05:48:03 +0000 2018,0.872,0.128,@CBSNews,0.0,Possible last witness sought after body found believed to be missing boy with autism https://t.co/bTAXR9Ko4p https://t.co/MMCpRGWHx8,54
-0.4588,Sun Sep 30 05:33:03 +0000 2018,0.602,0.259,@CBSNews,0.139,"Prominent business leader shot dead in Memphis; ""personal vendetta"" eyed https://t.co/aOPiqUY9Mt https://t.co/s04YJHLQrN",55
-0.2263,Sun Sep 30 05:18:03 +0000 2018,0.863,0.137,@CBSNews,0.0,Body of skydiving instructor who disappeared during tandem jump is found https://t.co/Ke53CxXEGY https://t.co/OvGul0tO3V,56
0.0,Sun Sep 30 05:03:03 +0000 2018,1.0,0.0,@CBSNews,0.0,The Dish: Indian chef Anita Jaisinghani https://t.co/5TKmntjZcp https://t.co/8wnrwJNYiR,57
0.0258,Sun Sep 30 04:48:03 +0000 2018,0.901,0.0,@CBSNews,0.099,Jesuit order's America magazine urges withdrawal of Kavanaugh nomination https://t.co/aY8II5jPrv https://t.co/YxTJJrBvi9,58
0.0,Sun Sep 30 04:33:03 +0000 2018,1.0,0.0,@CBSNews,0.0,More than 20 million people watched Brett Kavanaugh and Christine Blasey Ford hearings https://t.co/0PJyulVTwV https://t.co/WuQJYLG3vg,59
0.1877,Sun Sep 30 04:24:05 +0000 2018,0.902,0.0,@CBSNews,0.098,"Tens of thousands of women in Brazil say ""not him"" in protest against far-right presidential candidate‚Ä¶ https://t.co/gtodcwDeFb",60
-0.7845,Sun Sep 30 04:18:03 +0000 2018,0.67,0.33,@CBSNews,0.0,"PCBs threaten to wipe out half the world's killer whales within decades, study finds https://t.co/o5hWtyfqgD https://t.co/iRDvZ3RsA1",61
-0.7964,Sun Sep 30 04:03:03 +0000 2018,0.608,0.392,@CBSNews,0.0,Pope Francis defrocks Chilean priest Fernando Karadima amid sex abuse scandal https://t.co/jMez7NJ80H https://t.co/bj0XCuQCqt,62
-0.1531,Sun Sep 30 03:48:03 +0000 2018,0.532,0.277,@CBSNews,0.191,Brett Kavanaugh's attack on Democrats could pose risk to Supreme Court https://t.co/gFRPCDyVvD https://t.co/BuNP8Eu5Z8,63
-0.836,Sun Sep 30 03:40:06 +0000 2018,0.529,0.471,@CBSNews,0.0,"Chaos, stampede at Central Park concert after false alarm of gunshots https://t.co/TH3HZ9r8aM https://t.co/1EeDkFVikH",64
0.0,Sun Sep 30 03:33:04 +0000 2018,1.0,0.0,@CBSNews,0.0,Man diagnosed with world's first human case of rat disease hepatitis E https://t.co/e8CyGS4zR8 https://t.co/K8QpbNILGO,65
0.0,Sun Sep 30 03:18:05 +0000 2018,1.0,0.0,@CBSNews,0.0,"Marty Balin, founder of Jefferson Airplane, dies at 76 https://t.co/CH8G3AifLs https://t.co/mEVbDnX9P9",66
-0.4019,Sun Sep 30 03:03:03 +0000 2018,0.681,0.204,@CBSNews,0.115,Mike Pompeo floats prospect of officially ending Korean War ahead of Trump-Kim summit https://t.co/mR07iIohKB https://t.co/WSrKFEcg0X,67
-0.5267,Sun Sep 30 02:58:06 +0000 2018,0.779,0.221,@CBSNews,0.0,"Senate panel refers ""apparent false statements"" about Kavanaugh for criminal investigation https://t.co/yQKCfOlb6c https://t.co/kzZWpoZaU4",68
0.4939,Sun Sep 30 02:48:03 +0000 2018,0.789,0.0,@CBSNews,0.211,"See Tom Hanks as Mister Rogers in ""You Are My Friend"" https://t.co/nxKfa4SEqw https://t.co/maTKtcbFra",69
0.0,Sun Sep 30 02:33:03 +0000 2018,1.0,0.0,@CBSNews,0.0,"""Boofed,"" ""Devil's Triangle,"" ""FFFFFFourth of July"": How Brett Kavanaugh explained his yearbook jokes‚Ä¶ https://t.co/6GPupziMFH",70
-0.7269,Sun Sep 30 02:18:03 +0000 2018,0.596,0.404,@CBSNews,0.0,2 Mississippi officers shot to death; wounded suspect in custody https://t.co/9VwOGd8jIY https://t.co/zUFi0x2WeN,71
0.0,Sun Sep 30 02:03:05 +0000 2018,1.0,0.0,@CBSNews,0.0,Behind the scenes of Jeff Flake's decision to call for an FBI probe into Kavanaugh allegations‚Ä¶ https://t.co/zlvwA3IyF8,72
0.0,Sun Sep 30 01:56:05 +0000 2018,1.0,0.0,@CBSNews,0.0,How the FBI will investigate the Brett Kavanaugh allegations https://t.co/mewe8JBOFW https://t.co/A5wmRhmbqn,73
0.2023,Sun Sep 30 01:48:03 +0000 2018,0.847,0.0,@CBSNews,0.153,Kavanaugh's chances? Online markets offer a perspective on his nomination https://t.co/QjphBD8w0g https://t.co/6RPmVdW7vX,74
-0.5423,Sun Sep 30 01:33:04 +0000 2018,0.759,0.241,@CBSNews,0.0,Indonesia earthquake kills hundreds as quake triggers 20-foot-high tsunami waves https://t.co/oXaZaqxch6 https://t.co/XgSjuXFTVo,75
-0.7269,Sun Sep 30 01:18:03 +0000 2018,0.663,0.337,@CBSNews,0.0,Video shows fight before fatal shooting of LSU basketball player Wayde Sims https://t.co/iNeuhNud2n https://t.co/CqdfFyyYZw,76
0.0,Sun Sep 30 01:03:04 +0000 2018,1.0,0.0,@CBSNews,0.0,Library of Congress launches online National Screening Room https://t.co/goFKD3N48W https://t.co/kTPZOe7Jla,77
-0.1531,Sun Sep 30 00:48:03 +0000 2018,0.753,0.144,@CBSNews,0.103,Ted Turner reveals he's battling Lewy body dementia in exclusive interview https://t.co/h888oIdOoI https://t.co/vQwCVdA0gU,78
-0.2263,Sun Sep 30 00:45:12 +0000 2018,0.899,0.101,@CBSNews,0.0,"President Trump campaigned at a rally in West Virginia, where the vulnerable Democratic senator is a key swing vote‚Ä¶ https://t.co/6XT3CVnJQs",79
0.1027,Sun Sep 30 00:33:03 +0000 2018,0.909,0.0,@CBSNews,0.091,Brett Kavanaugh wrongly claimed he could drink legally in Maryland in high school https://t.co/Jabxe8HEWA https://t.co/i9ZyEhl7FC,80
0.4215,Sun Sep 30 00:18:03 +0000 2018,0.833,0.0,@CBSNews,0.167,$3 billion Hoover Dam project hopes to bring power plant into 21st century https://t.co/EfUg3MjROs https://t.co/OYZdPO6NtF,81
0.5859,Sun Sep 30 00:03:03 +0000 2018,0.808,0.0,@CBSNews,0.192,"Jenni ""JWoww"" Farley files for divorce, husband Roger Mathews says he's going to win her back‚Ä¶ https://t.co/UeWt4xa9Al",82
0.0,Sat Sep 29 23:48:04 +0000 2018,1.0,0.0,@CBSNews,0.0,Surveillance video shows deadly ambush of rapper XXXTentacion in Florida https://t.co/jmxWIpJd5F https://t.co/moxHj7or8s,83
-0.6705,Sat Sep 29 23:44:05 +0000 2018,0.645,0.355,@CBSNews,0.0,Catholic institute accused of failing to act on McCarrick allegations https://t.co/1w5tjZ6D2m https://t.co/cz5OUvBZRF,84
-0.8319,Sat Sep 29 23:33:03 +0000 2018,0.505,0.495,@CBSNews,0.0,"West Virginia poverty gets worse under Trump economy, not better https://t.co/KQGRVOv2Eb https://t.co/fioTWM3Ztf",85
0.0772,Sat Sep 29 23:18:03 +0000 2018,0.553,0.191,@CBSNews,0.256,Christine Blasey Ford's friend clarifies statement about alleged assault by Brett Kavanaugh https://t.co/qVQMrOXFLV https://t.co/eLLb5I6i73,86
0.0,Sat Sep 29 23:03:03 +0000 2018,1.0,0.0,@CBSNews,0.0,Iran airs video of close encounter with USS Theodore Roosevelt in Strait of Hormuz https://t.co/a4VgiauMzT https://t.co/zxHPCXA1qF,87
0.0,Sat Sep 29 22:19:51 +0000 2018,1.0,0.0,@CBSNews,0.0,"Michelle Obama urges voters to ""take their power back"" at registration rally https://t.co/ahbqwzLJio https://t.co/lPqSuH99Ug",88
-0.7906,Sat Sep 29 22:00:30 +0000 2018,0.667,0.333,@CBSNews,0.0,A 5-year-old California kindergartener suffers from violent seizures. So her parents turned to an unlikely treatmen‚Ä¶ https://t.co/zUoDKv0ExH,89
0.0,Sat Sep 29 21:49:45 +0000 2018,1.0,0.0,@CBSNews,0.0,"JUST IN: Elon Musk to step down as chair of Tesla board, settles with SEC for $20 million https://t.co/Kc3MnRpR0n https://t.co/nh5EiL4EkB",90
-0.5423,Sat Sep 29 21:39:29 +0000 2018,0.759,0.241,@CBSNews,0.0,Indonesia earthquake kills hundreds as quake triggers 20-foot-high tsunami waves https://t.co/cewkqa0MZ7 https://t.co/V61E1Dhrht,91
0.4939,Sat Sep 29 21:19:36 +0000 2018,0.849,0.0,@CBSNews,0.151,"Iran broadcasts video of close encounter with USS Theodore Roosevelt, in likely attempt to show strength after new‚Ä¶ https://t.co/cctmOBeCd2",92
-0.1027,Sat Sep 29 21:17:14 +0000 2018,0.915,0.085,@CBSNews,0.0,"JUST IN: Elizabeth Warren says she will take a ""hard look"" at running for president https://t.co/xgfWjsZjDZ https://t.co/kGPAk01S0W",93
0.0,Sat Sep 29 20:59:32 +0000 2018,1.0,0.0,@CBSNews,0.0,"Inside the tiny green huts that shelter London's cab drivers, where only those with ""the knowledge"" can get inside‚Ä¶ https://t.co/2uXGblkMvy",94
-0.4404,Sat Sep 29 20:39:46 +0000 2018,0.734,0.266,@CBSNews,0.0,Shark attacks teen at Southern California beach https://t.co/2z1V2ElGzj https://t.co/l81bvYWvg9,95
-0.1531,Sat Sep 29 20:19:33 +0000 2018,0.833,0.1,@CBSNews,0.067,"FBI reaches out to Deborah Ramirez, the second woman to accuse Brett Kavanaugh of sexual misconduct‚Ä¶ https://t.co/VGSw9GSPmK",96
0.2023,Sat Sep 29 19:59:48 +0000 2018,0.667,0.171,@CBSNews,0.163,Super PAC aligned with House GOP leadership cuts off millions of dollars in funding for two vulnerable Republicans‚Ä¶ https://t.co/l3mYljCQZj,97
0.4939,Sat Sep 29 19:39:47 +0000 2018,0.824,0.0,@CBSNews,0.176,Can blockchain save local reporting? A new start-up called Civil thinks cryptocurrency may be journalism's savior‚Ä¶ https://t.co/r0pSr3NrHz,98
-0.7906,Sat Sep 29 19:19:54 +0000 2018,0.513,0.393,@CBSNews,0.094,Wayde Sims shooting: Suspect arrested in LSU basketball player's death and admits to the killing‚Ä¶ https://t.co/TAtOyT9TOO,99
0.0,Sat Sep 29 18:59:55 +0000 2018,1.0,0.0,@CBSNews,0.0,"The White House will determine the scope of the FBI's Brett Kavanaugh investigation, which could make it unlikely t‚Ä¶ https://t.co/arDFVnj9hq",100
0.0,Sun Sep 30 19:18:51 +0000 2018,1.0,0.0,@cnnbrk,0.0,"The White House is coordinating with GOP senators to narrow the scope of the Kavanaugh investigation, sources say,‚Ä¶ https://t.co/IaEQ3r30rP",1
-0.1027,Sun Sep 30 16:18:53 +0000 2018,0.935,0.065,@cnnbrk,0.0,"RT @CNNPolitics: Democratic Sen. Amy Klobuchar, a member of the Senate Judiciary Committee, says she was ‚Äúreally stunned by how (Brett Kava‚Ä¶",2
0.0,Sun Sep 30 16:18:23 +0000 2018,1.0,0.0,@cnnbrk,0.0,RT @CNNPolitics: White House counselor Kellyanne Conway say the FBI investigation into Brett Kavanaugh is ‚Äúnot meant to be a fishing expedi‚Ä¶,3
-0.5994,Sun Sep 30 07:50:21 +0000 2018,0.794,0.206,@cnnbrk,0.0,"The death toll from an earthquake and tsunami now exceeds 830 people,  Indonesian officials say.‚Ä¶ https://t.co/3MIg47GArP",4
-0.4215,Sat Sep 29 21:56:43 +0000 2018,0.84,0.16,@cnnbrk,0.0,"Tesla CEO Elon Musk will resign as company chairman and pay $20 million in a settlement with the SEC, after it sued‚Ä¶ https://t.co/GRecfKRfnO",5
-0.8442,Sat Sep 29 17:04:14 +0000 2018,0.664,0.336,@cnnbrk,0.0,"Two police officers were killed in a shootout in Brookhaven, Mississippi, responding to a call about shots fired, a‚Ä¶ https://t.co/cJca3J3RwL",6
-0.8176,Sat Sep 29 16:43:12 +0000 2018,0.605,0.395,@cnnbrk,0.0,Police arrest a suspect in the shooting death of Louisiana State University basketball player Wayde Sims‚Ä¶ https://t.co/Z16IamshpZ,7
0.4215,Sat Sep 29 16:34:25 +0000 2018,0.859,0.0,@cnnbrk,0.141,A rare and powerful hurricane-like storm roars across Greece triggering flooding as it makes its way toward Turkey‚Ä¶ https://t.co/cfVZSrm0xt,8
0.0,Sat Sep 29 14:09:25 +0000 2018,1.0,0.0,@cnnbrk,0.0,Typhoon Trami unleashed heavy winds and rain on southern Japan as it slowly marched toward the nation's main island‚Ä¶ https://t.co/NnGbeTpr2p,9
0.4215,Sat Sep 29 08:31:30 +0000 2018,0.851,0.0,@cnnbrk,0.149,Rescuers scrambled to find survivors after a powerful earthquake hit the Indonesian island of Sulawesi and triggere‚Ä¶ https://t.co/QGVicMQYJu,10
-0.8055,Sat Sep 29 05:02:58 +0000 2018,0.723,0.277,@cnnbrk,0.0,At least 48 people are dead and  more than 350 injured after a series of earthquakes and a tsunami hit the Indonesi‚Ä¶ https://t.co/eDNdUcgWA9,11
-0.2263,Sat Sep 29 01:56:54 +0000 2018,0.905,0.095,@cnnbrk,0.0,Federal judge rules that lawsuit by Democratic lawmakers against Trump over foreign payments to his business can pr‚Ä¶ https://t.co/kH41Mk5Jul,12
0.0,Sat Sep 29 01:21:05 +0000 2018,1.0,0.0,@cnnbrk,0.0,"Marty Balin, whose tenor voice provided hits for the '60s psychedelic rock band Jefferson Airplane, dies at age 76‚Ä¶ https://t.co/7Qfiguy0oP",13
0.5574,Fri Sep 28 21:34:32 +0000 2018,0.841,0.0,@cnnbrk,0.159,RT @CNNPolitics: JUST IN: President Donald Trump has ordered the FBI to conduct a week-long investigation into Supreme Court nominee Brett‚Ä¶,14
0.6597,Fri Sep 28 20:16:44 +0000 2018,0.759,0.0,@cnnbrk,0.241,"Senate GOP agrees to a week for an FBI investigation into US Supreme Court nominee Brett Kavanaugh, delaying a conf‚Ä¶ https://t.co/Sx1ddc4nRI",15
-0.5574,Fri Sep 28 19:43:36 +0000 2018,0.833,0.167,@cnnbrk,0.0,"Six Palestinians died after being shot by Israeli soldiers along the fence that separates Gaza and Israel, Palestin‚Ä¶ https://t.co/dPEkfs3x4Z",16
-0.34,Fri Sep 28 19:29:46 +0000 2018,0.893,0.107,@cnnbrk,0.0,The House passes the final version of a legislative package that aims to combat the opioid epidemic by a vote of 39‚Ä¶ https://t.co/3eSpgLEGNU,17
0.4854,Fri Sep 28 18:04:58 +0000 2018,0.644,0.095,@cnnbrk,0.262,Senate panel approves Brett Kavanaugh's Supreme Court nomination but full vote could be delayed to allow for FBI in‚Ä¶ https://t.co/IEHMpibH1Z,18
-0.5267,Fri Sep 28 17:05:39 +0000 2018,0.761,0.239,@cnnbrk,0.0,Facebook says an attack discovered earlier this week exposed information on nearly 50 million users‚Ä¶ https://t.co/pAAQZDfGUz,19
0.5574,Fri Sep 28 15:43:11 +0000 2018,0.825,0.0,@cnnbrk,0.175,"Democratic Sen. Joe Donnelly, a key vote for Supreme Court nominee Brett Kavanaugh's confirmation, says he will vot‚Ä¶ https://t.co/JhWURmyOJs",20
-0.4215,Fri Sep 28 14:36:09 +0000 2018,0.661,0.227,@cnnbrk,0.112,"RT @CNNPolitics: Moments after announcing his support for Kavanaugh, Sen. Jeff Flake was immediately confronted by furious demonstrators wh‚Ä¶",21
0.5574,Fri Sep 28 13:58:17 +0000 2018,0.841,0.0,@cnnbrk,0.159,The Senate Judiciary Committee moves to vote on Brett Kavanaugh's nomination to the Supreme Court at 1:30 p.m. ET.‚Ä¶ https://t.co/5pxklRhpcj,22
0.743,Fri Sep 28 13:44:20 +0000 2018,0.73,0.0,@cnnbrk,0.27,Sen. Jeff Flake will vote yes to confirm Supreme Court nominee Brett Kavanaugh. He was considered a Republican swin‚Ä¶ https://t.co/1dGjgeImX5,23
-0.6705,Fri Sep 28 13:06:27 +0000 2018,0.809,0.191,@cnnbrk,0.0,Iraqi social media star and model Tara Fares has been killed in Baghdad. An official says two motorcyclists opened‚Ä¶ https://t.co/KcpUYACTuJ,24
0.5574,Fri Sep 28 04:15:35 +0000 2018,0.833,0.0,@cnnbrk,0.167,The American Bar Association is calling on the Senate Judiciary Committee to halt consideration of Supreme Court no‚Ä¶ https://t.co/v6vKnGExAJ,25
0.5574,Fri Sep 28 00:33:11 +0000 2018,0.825,0.0,@cnnbrk,0.175,The Senate Judiciary Committee will vote Friday morning on whether to push Brett Kavanaugh's Supreme Court nominati‚Ä¶ https://t.co/nVFlSMxspB,26
0.3612,Thu Sep 27 23:55:49 +0000 2018,0.583,0.152,@cnnbrk,0.265,RT @CNNPolitics: A once frustrated President Trump becomes optimistic about his Supreme Court nominee Brett Kavanaugh https://t.co/ascV5Gty‚Ä¶,27
0.5574,Thu Sep 27 23:29:17 +0000 2018,0.841,0.0,@cnnbrk,0.159,RT @CNNPolitics: JUST IN: Key senators are huddling privately to discuss the future of Supreme Court nominee Brett Kavanaugh https://t.co/w‚Ä¶,28
-0.4404,Thu Sep 27 21:15:09 +0000 2018,0.782,0.218,@cnnbrk,0.0,"GOP Sen. Lindsey Graham harshly criticized Democratic colleagues during questioning of Brett Kavanaugh, calling the‚Ä¶ https://t.co/Paq3V66xYs",29
0.296,Thu Sep 27 20:28:51 +0000 2018,0.909,0.0,@cnnbrk,0.091,Tesla CEO Elon Musk is sued by the Securities and Exchange Commission after he tweeted he had funding to take the c‚Ä¶ https://t.co/cOnHrIcI5X,30
-0.4939,Thu Sep 27 19:40:07 +0000 2018,0.583,0.275,@cnnbrk,0.142,"Brett Kavanaugh passionately denies the allegations of sexual assault against him in his opening statement, calling‚Ä¶ https://t.co/HtWtDgvy5D",31
0.5574,Thu Sep 27 19:10:47 +0000 2018,0.825,0.0,@cnnbrk,0.175,Supreme Court nominee Brett Kavanaugh testifies following dramatic testimony from the woman who says he sexually as‚Ä¶ https://t.co/pknsx6aMdf,32
-0.5423,Thu Sep 27 18:38:27 +0000 2018,0.8,0.2,@cnnbrk,0.0,"Officials believe they have found the body of Maddox Ritch, an autistic 6-year-old missing since his dad lost sight‚Ä¶ https://t.co/njPt3pBmZo",33
-0.4939,Thu Sep 27 16:39:28 +0000 2018,0.862,0.138,@cnnbrk,0.0,The prosecutor hired by Republicans asked Christine Blasey Ford about her fear of flying and other trips she has ta‚Ä¶ https://t.co/8BkKrzGwwt,34
0.4404,Thu Sep 27 15:22:23 +0000 2018,0.879,0.0,@cnnbrk,0.121,RT @CNNPolitics: Christine Blasey Ford provides what she says is her strongest memory of the incident: ‚ÄúIndelible in the hippocampus is the‚Ä¶,35
0.7169,Thu Sep 27 15:12:19 +0000 2018,0.794,0.0,@cnnbrk,0.206,"RT @CNNPolitics: Feinstein: ""How are you so sure that it was (Kavanaugh)?‚Äù

Ford: ""The same way that I'm sure that I'm talking to you right‚Ä¶",36
-0.1779,Thu Sep 27 15:08:39 +0000 2018,0.914,0.086,@cnnbrk,0.0,"Christine Blasey Ford, her voice shaking, describes the night in the 1980s when she alleges Brett Kavanaugh sexuall‚Ä¶ https://t.co/nKT0fTePNg",37
0.0,Thu Sep 27 14:54:45 +0000 2018,1.0,0.0,@cnnbrk,0.0,RT @CNNPolitics: Christine Blasey Ford details how she met Brett Kavanaugh in her opening remarks: ‚ÄúBut the details about that night that b‚Ä¶,38
-0.6395,Thu Sep 27 14:52:59 +0000 2018,0.808,0.192,@cnnbrk,0.0,RT @CNNPolitics: Christine Blasey Ford: ‚ÄúI am here today not because I want to be. I am terrified. I am here because I believe it is my civ‚Ä¶,39
0.0,Thu Sep 27 14:43:11 +0000 2018,1.0,0.0,@cnnbrk,0.0,"Christine Blasey Ford tells a Senate panel she is ""terrified"" to testify but feels it is her ""civic duty""‚Ä¶ https://t.co/7RsWbhvDQH",40
0.0,Thu Sep 27 14:38:08 +0000 2018,1.0,0.0,@cnnbrk,0.0,RT @CNNPolitics: Sen. Dianne Feinstein on why she waited to provide Christine Blasey Ford‚Äôs letter to the FBI: ‚ÄúI think as I make my remark‚Ä¶,41
-0.3612,Thu Sep 27 14:37:39 +0000 2018,0.878,0.122,@cnnbrk,0.0,"Sen. Grassley's opening statement criticized the process leading to the hearing, took shots at Sen. Feinstein and d‚Ä¶ https://t.co/8sbgMMdpsA",42
0.0,Thu Sep 27 14:21:45 +0000 2018,1.0,0.0,@cnnbrk,0.0,RT @CNNPolitics: Senate Judiciary Committee Chairman Chuck Grassley on the FBI reports conducted while vetting Brett Kavanaugh: ‚ÄúNo where i‚Ä¶,43
0.0,Thu Sep 27 14:11:00 +0000 2018,1.0,0.0,@cnnbrk,0.0,RT @CNNPolitics: Christine Blasey Ford arrives to give her testimony before the Senate Judiciary Committee https://t.co/vr3wiHSp66,44
0.34,Thu Sep 27 14:02:58 +0000 2018,0.756,0.092,@cnnbrk,0.151,"Watch and follow live: Supreme Court nominee Brett Kavanaugh and Christine Blasey Ford, who has accused him of sexu‚Ä¶ https://t.co/esjwi3mkfB",45
0.0,Thu Sep 27 13:37:39 +0000 2018,1.0,0.0,@cnnbrk,0.0,Christine Blasey Ford is set to testify. #Metoo activist and actress Alyssa Milano is in the hearing room. Follow l‚Ä¶ https://t.co/o4bL4zea4m,46
-0.7964,Thu Sep 27 13:02:36 +0000 2018,0.647,0.353,@cnnbrk,0.0,"Severe flooding has killed nearly 200 people in Nigeria, including a 9-year-old girl, officials say‚Ä¶ https://t.co/dFfXYXN6tK",47
-0.6249,Thu Sep 27 01:10:23 +0000 2018,0.746,0.254,@cnnbrk,0.0,RT @CNNPolitics: JUST IN: Brett Kavanaugh denies two additional accusations to the Senate Judiciary Committee https://t.co/tPtfYXUA4k https‚Ä¶,48
0.4019,Wed Sep 26 22:03:50 +0000 2018,0.876,0.0,@cnnbrk,0.124,The House approves a massive spending bill to fund the government. Trump must sign it by midnight Sunday to prevent‚Ä¶ https://t.co/NLjNwMc520,49
-0.068,Wed Sep 26 21:50:16 +0000 2018,0.797,0.108,@cnnbrk,0.095,President Trump says at news conference he may delay Rosenstein meeting and would prefer not to fire him‚Ä¶ https://t.co/9PTZZz3TxE,50
0.0,Wed Sep 26 21:28:24 +0000 2018,1.0,0.0,@cnnbrk,0.0,President Trump says at news conference he will watch hearings tomorrow and may change his mind on Kavanaugh‚Ä¶ https://t.co/KEKKZBXUo3,51
0.0,Wed Sep 26 21:27:32 +0000 2018,1.0,0.0,@cnnbrk,0.0,"RT @CNNPolitics: President Trump on the FBI investigating the Kavanaugh allegations: ""I think when you really look at it all, it's not gonn‚Ä¶",52
0.5574,Wed Sep 26 20:58:55 +0000 2018,0.816,0.0,@cnnbrk,0.184,President Trump holds a rare news conference ahead of Thursday hearings on Supreme Court nomination. Watch live:‚Ä¶ https://t.co/TVXgoxGyfs,53
0.6808,Wed Sep 26 18:19:50 +0000 2018,0.763,0.0,@cnnbrk,0.237,"The Fed raises interest rates by a quarter point again, upping the rate that helps determine costs of mortgages and‚Ä¶ https://t.co/1paFVJVE3q",54
0.4215,Wed Sep 26 16:12:43 +0000 2018,0.748,0.084,@cnnbrk,0.168,A new woman comes forward to accuse Supreme Court nominee Brett Kavanaugh of inappropriate behavior during high sch‚Ä¶ https://t.co/8C8zQIoyK5,55
0.4019,Wed Sep 26 15:12:51 +0000 2018,0.64,0.113,@cnnbrk,0.246,"President Trump voices support for a two-state solution to the Israeli-Palestinian conflict, saying, ""That's what I‚Ä¶ https://t.co/1dljbQ6NHv",56
0.0,Wed Sep 26 13:02:07 +0000 2018,1.0,0.0,@cnnbrk,0.0,Christine Blasey Ford and Brett Kavanaugh seek to bolster their cases with new documents https://t.co/fvx9xnJfGl https://t.co/naAGeFyDD4,57
0.5574,Wed Sep 26 03:20:34 +0000 2018,0.806,0.0,@cnnbrk,0.194,Senate Judiciary Committee Republicans have hired outside counsel Rachel Mitchell to question Supreme Court nominee‚Ä¶ https://t.co/7l1simBxkI,58
0.0,Wed Sep 26 01:41:36 +0000 2018,1.0,0.0,@cnnbrk,0.0,"Delta's online systems are back up and running after a brief outage, the airline said https://t.co/dEETWshqew https://t.co/bXDO6ldwZY",59
0.0,Wed Sep 26 01:18:01 +0000 2018,1.0,0.0,@cnnbrk,0.0,"Delta Air Lines issued a groundstop on Tuesday due to a system outage, according to a statement on the airline's we‚Ä¶ https://t.co/yMFmxMJAGD",60
0.4767,Wed Sep 26 00:04:29 +0000 2018,0.853,0.0,@cnnbrk,0.147,"The Senate Intelligence Committee subpoenas Randy Credico, who former Trump adviser Roger Stone says was his link t‚Ä¶ https://t.co/Go1PU5qBGo",61
-0.1027,Tue Sep 25 22:47:18 +0000 2018,0.92,0.08,@cnnbrk,0.0,"The Senate Judiciary Committee will vote on Brett Kavanaugh's nomination Friday, a day after questioning a woman wh‚Ä¶ https://t.co/44v0OpADA4",62
-0.4215,Tue Sep 25 19:02:25 +0000 2018,0.859,0.141,@cnnbrk,0.0,"Judge Steven O'Neill denies bail to Bill Cosby, according to a tweet from the Montgomery County District Attorney's‚Ä¶ https://t.co/pCRXoGXnlH",63
-0.802,Tue Sep 25 18:17:08 +0000 2018,0.631,0.369,@cnnbrk,0.0,Bill Cosby is sentenced to three to 10 years in state prison for sexual assault. https://t.co/ZdHvogvJPg https://t.co/wSZTVUmrvB,64
0.743,Tue Sep 25 17:19:03 +0000 2018,0.733,0.0,@cnnbrk,0.267,The UK Labour party votes in favor of a policy that would allow for a new public vote on Brexit if Prime Minister M‚Ä¶ https://t.co/TJIRI6KzwA,65
-0.5994,Tue Sep 25 16:34:04 +0000 2018,0.813,0.187,@cnnbrk,0.0,"A judge determines Bill Cosby is a ""sexually violent predator"" who must register with police. Follow live updates a‚Ä¶ https://t.co/c8OYZHm0xV",66
0.4939,Tue Sep 25 15:11:55 +0000 2018,0.849,0.0,@cnnbrk,0.151,President Trump draws audible laughs during his UN speech with boast that his administration has achieved more than‚Ä¶ https://t.co/3kSalbnuzQ,67
0.0,Tue Sep 25 14:35:24 +0000 2018,1.0,0.0,@cnnbrk,0.0,"RT @CNNPolitics: ‚ÄúI have much personal correspondence with Chairman Kim,‚Äù Trump says of his relationship with North Korean leader Kim Jong‚Ä¶",68
0.0,Tue Sep 25 14:33:38 +0000 2018,1.0,0.0,@cnnbrk,0.0,"President Trump says Iran wants to meet with him but its leaders have to ""change their tune"" first. Follow live upd‚Ä¶ https://t.co/9Tdubx7Yey",69
-0.3182,Tue Sep 25 13:41:34 +0000 2018,0.901,0.099,@cnnbrk,0.0,RT @CNNMoney: Dow opens 60 points higher. Nasdaq trades flat. Facebook falls 2% as Instagram co-founders exit. General Electric loses 2% to‚Ä¶,70
0.0,Tue Sep 25 13:25:30 +0000 2018,1.0,0.0,@cnnbrk,0.0,"The White House is open to having Brett Kavanaugh's second accuser testify on Thursday, Sarah Sanders says. Follow‚Ä¶ https://t.co/aCyJdUsJgV",71
-0.5994,Tue Sep 25 13:05:35 +0000 2018,0.795,0.205,@cnnbrk,0.0,Bill Cosby arrives at a Pennsylvania court where he is expected to be sentenced today in his sexual assault case. F‚Ä¶ https://t.co/TlirXcxYVR,72
0.34,Tue Sep 25 12:00:00 +0000 2018,0.888,0.0,@cnnbrk,0.112,Michael Kors gains a foothold in the world of elite European fashion by striking a $2.1 billion deal to buy Versace‚Ä¶ https://t.co/a02uLxYlN1,73
-0.7579,Tue Sep 25 11:32:10 +0000 2018,0.745,0.255,@cnnbrk,0.0,A suspect is in custody and an investigation is underway after a US diplomat was found dead at home Friday in Madag‚Ä¶ https://t.co/NI1CKbL56s,74
-0.6808,Tue Sep 25 06:01:16 +0000 2018,0.694,0.306,@cnnbrk,0.0,A Louisiana soldier was sentenced to 11 years in prison for constructing and detonating a chemical weapon last year‚Ä¶ https://t.co/DizSiOgMnd,75
0.4588,Mon Sep 24 23:36:45 +0000 2018,0.864,0.0,@cnnbrk,0.136,"US Air Force awards $2.38 billion contract to Boeing for new helicopters to replace the Vietnam-era ""Hueys"" that ha‚Ä¶ https://t.co/4hWnYoOi1R",76
0.0,Mon Sep 24 21:58:28 +0000 2018,1.0,0.0,@cnnbrk,0.0,"Thousands of people in Georgetown, SC, were told to evacuate ahead of historic flooding in an area where multiple r‚Ä¶ https://t.co/NldERoTebH",77
-0.6249,Mon Sep 24 20:21:58 +0000 2018,0.819,0.181,@cnnbrk,0.0,RT @CNNMoney: Dow falls 181 points on trade worries. S&amp;P 500 drops 0.4%. Nasdaq inches higher. Michael Kors loses 8% on report that it‚Äôs ne‚Ä¶,78
0.7351,Mon Sep 24 18:43:36 +0000 2018,0.733,0.0,@cnnbrk,0.267,"Supreme Court nominee Brett Kavanaugh lashes out at ""smears"" after a new allegation emerges, and makes clear that h‚Ä¶ https://t.co/Ls2bUGcq6G",79
-0.7184,Mon Sep 24 17:33:39 +0000 2018,0.727,0.273,@cnnbrk,0.0,"Amber Guyger, the Dallas police officer charged with fatally shooting a man inside his apartment, is terminated aft‚Ä¶ https://t.co/5gA55B6YVa",80
0.0,Mon Sep 24 17:08:34 +0000 2018,1.0,0.0,@cnnbrk,0.0,President Trump will meet with Deputy Attorney General Rosenstein on Thursday. Follow live updates:‚Ä¶ https://t.co/R4mSq8WtaY,81
0.0,Mon Sep 24 16:23:23 +0000 2018,1.0,0.0,@cnnbrk,0.0,Deputy Attorney General Rod Rosenstein has finished meeting with chief of staff Kelly at the White House. Follow li‚Ä¶ https://t.co/C0eHqJjlFG,82
0.2023,Mon Sep 24 15:10:08 +0000 2018,0.909,0.0,@cnnbrk,0.091,"Deputy Attorney General Rosenstein, the top official overseeing the Mueller probe, is headed to the White House and‚Ä¶ https://t.co/ArFOcUbVus",83
-0.6597,Mon Sep 24 14:25:04 +0000 2018,0.748,0.252,@cnnbrk,0.0,Bill Cosby is in court for his sentencing hearing after April's sexual assault conviction. Follow live updates:‚Ä¶ https://t.co/NMF7kTBvJV,84
0.0,Mon Sep 24 11:58:09 +0000 2018,1.0,0.0,@cnnbrk,0.0,RT @CNNMoney: SiriusXM is buying Pandora in a $3.5 billion deal https://t.co/0tkzweEBbf https://t.co/oUVn1dEQQp,85
-0.4588,Mon Sep 24 09:07:05 +0000 2018,0.688,0.21,@cnnbrk,0.101,Rescuers saved a yachtsman hit by a storm that left him badly injured with his boat drifting at sea for more than t‚Ä¶ https://t.co/cXQt8gfv1q,86
0.765,Sun Sep 23 21:59:57 +0000 2018,0.694,0.0,@cnnbrk,0.306,Tiger Woods wins his first PGA tournament since 2013 with a victory in the Tour Championship https://t.co/mUEJmpwxSZ https://t.co/CQdgPL1b4i,87
0.0,Sun Sep 23 20:10:59 +0000 2018,1.0,0.0,@cnnbrk,0.0,A New Zealand supermarket chain is removing some Australian strawberries after needles were found in a container bo‚Ä¶ https://t.co/00A4j8rfP1,88
0.4939,Sun Sep 23 19:50:22 +0000 2018,0.842,0.0,@cnnbrk,0.158,"An ""exceptionally rare"" two-headed copperhead snake was found in Virginia. Wildlife experts are caring for it, and‚Ä¶ https://t.co/H8t96KIGq4",89
-0.4588,Sun Sep 23 19:06:22 +0000 2018,0.87,0.13,@cnnbrk,0.0,"Pirates attacked a Swiss cargo ship off the coast of Nigeria and took 12 crew members hostage, the ship's owner say‚Ä¶ https://t.co/KpTUqasIau",90
0.1621,Sun Sep 23 18:13:13 +0000 2018,0.917,0.0,@cnnbrk,0.083,Texas officials found almost $18 million worth of cocaine hidden inside a shipment of bananas donated to the prison‚Ä¶ https://t.co/GO42wNJCMQ,91
-0.7184,Sun Sep 23 17:20:55 +0000 2018,0.727,0.273,@cnnbrk,0.0,"Christine Blasey Ford, who accused Brett Kavanaugh of sexual assault, will testify Thursday before the Senate Judic‚Ä¶ https://t.co/JibeGJ6tVt",92
0.3818,Sun Sep 23 13:55:48 +0000 2018,0.874,0.0,@cnnbrk,0.126,"CNN‚Äôs Jake Tapper: ‚ÄúDoesn‚Äôt Kavanaugh have the same presumption of innocence as anyone else in America?‚Äù

Sen. Mazi‚Ä¶ https://t.co/mU5jbWvwNW",93
0.5563,Sun Sep 23 13:40:32 +0000 2018,0.854,0.0,@cnnbrk,0.146,"‚ÄúShe‚Äôs coming forward and very bravely saying, ‚ÄòI will tell my story,‚Äô so I‚Äôm going to do everything I can to make‚Ä¶ https://t.co/0xuQeDKxtn",94
0.4215,Sun Sep 23 13:31:43 +0000 2018,0.877,0.0,@cnnbrk,0.123,US Ambassador to the UN Nikki Haley on the progress of North Korea denuclearization: ‚ÄúIt is a major step that they‚Ä¶ https://t.co/Y5V1tarLbY,95
0.0,Sun Sep 23 13:26:56 +0000 2018,1.0,0.0,@cnnbrk,0.0,US Ambassador to the UN Nikki Haley says the Ford hearing should happen ‚Äúswiftly and quickly‚Äù: ‚ÄúEvery accuser deser‚Ä¶ https://t.co/eliDTNaMRR,96
0.34,Sun Sep 23 01:22:22 +0000 2018,0.882,0.0,@cnnbrk,0.118,A proposed Homeland Security rule would make immigrants ineligible for visas or green cards if they are found likel‚Ä¶ https://t.co/BGRofpOu5s,97
0.0,Sat Sep 22 20:58:18 +0000 2018,1.0,0.0,@cnnbrk,0.0,A former Trump official who claimed not to know about talks between Michael Flynn and Russia's ambassador has chang‚Ä¶ https://t.co/r2IjOY9OWt,98
-0.5859,Sat Sep 22 19:10:13 +0000 2018,0.826,0.174,@cnnbrk,0.0,Christine Blasey Ford's lawyers say she will speak to a Senate panel next week about her sexual assault allegation‚Ä¶ https://t.co/aqMvUJkcPO,99
-0.3818,Sat Sep 22 18:45:01 +0000 2018,0.833,0.167,@cnnbrk,0.0,Comcast outbids 21st Century Fox in the nearly two-year battle for Sky https://t.co/Lq7xfqRD86 https://t.co/sAUQn3b2AY,100
-0.5267,Sun Sep 30 20:43:00 +0000 2018,0.645,0.355,@FoxNews,0.0,"US ambassador accuses China of 'bullying' with 'propaganda ads'
https://t.co/wHGemLmgxh",1
-0.3182,Sun Sep 30 20:35:00 +0000 2018,0.85,0.15,@FoxNews,0.0,"Sen. @TomCottonAR says @SenFeinstein will be investigated over leaked letter by Kavanaugh accuser.
https://t.co/1GBAnjxyF4",2
0.508,Sun Sep 30 20:30:00 +0000 2018,0.853,0.0,@FoxNews,0.147,"Inside the Kavanaugh confirmation! More on the impact, next steps, and what this means for America! Live special pr‚Ä¶ https://t.co/pmMxpTxMNx",3
-0.7717,Sun Sep 30 20:26:00 +0000 2018,0.511,0.489,@FoxNews,0.0,"Florida K-9 officer shot, killed chasing carjacking suspect.
https://t.co/RyFgcwjkRJ",4
0.0,Sun Sep 30 20:16:01 +0000 2018,1.0,0.0,@FoxNews,0.0,"President @realDonaldTrump's new strategy 'is working,' Afghan leader says.
https://t.co/BZbnrwfxwp",5
0.5773,Sun Sep 30 20:06:11 +0000 2018,0.762,0.0,@FoxNews,0.238,North Carolina's first alligator hunt in 40 years to end without a kill. https://t.co/p1x7YfZkiM,6
0.0,Sun Sep 30 19:55:15 +0000 2018,1.0,0.0,@FoxNews,0.0,"Pakistan open to Afridi talks with US, foreign minister says.
https://t.co/50PAdcar1f",7
0.0,Sun Sep 30 19:42:00 +0000 2018,1.0,0.0,@FoxNews,0.0,"Sen. @amyklobuchar says Trump administration cannot limit scope of the FBI's Kavanaugh investigation.
https://t.co/SBNT8WenaO",8
0.5919,Sun Sep 30 19:35:00 +0000 2018,0.788,0.0,@FoxNews,0.212,"TODAY: Don't miss Kentucky Gov. @MattBevin on ""Life, Liberty and Levin"" hosted by @marklevinshow. Tune in at 11p ET‚Ä¶ https://t.co/51LMJNSsnr",9
0.0772,Sun Sep 30 19:26:09 +0000 2018,0.942,0.0,@FoxNews,0.058,".@PressSec on if the formal White House daily briefings will end: ""We talk to the press in a number of different wa‚Ä¶ https://t.co/2fcBpPkjcN",10
0.0,Sun Sep 30 19:19:09 +0000 2018,1.0,0.0,@FoxNews,0.0,".@PressSec on if @POTUS will shutdown the government over wall funding: ""We'll have to wait and see what happens."" https://t.co/zKNisvjiN5",11
-0.2732,Sun Sep 30 19:14:22 +0000 2018,0.602,0.241,@FoxNews,0.157,".@PressSec: ""For the people that claim to champion women, Democrats have exploited Dr. Ford. They've exploited this‚Ä¶ https://t.co/ubf5fOcKLZ",12
0.0,Sun Sep 30 19:10:22 +0000 2018,1.0,0.0,@FoxNews,0.0,".@PressSec on reports of administration dictating terms of Kavanaugh FBI investigation: ""The White House is not mic‚Ä¶ https://t.co/tFyDKjs1F6",13
-0.4019,Sun Sep 30 18:55:47 +0000 2018,0.838,0.162,@FoxNews,0.0,"Disabled man, 60, fights to keep Pennsylvania home as community rallies to raise funds. https://t.co/REZy9s9TMI",14
0.0,Sun Sep 30 18:30:00 +0000 2018,1.0,0.0,@FoxNews,0.0,"Elderly, 'feisty' white-cheeked Gibbon dies at the Smithsonian's National Zoo https://t.co/Sh9Btr4L4Z",15
0.0,Sun Sep 30 18:15:00 +0000 2018,1.0,0.0,@FoxNews,0.0,".@LindseyGrahamSC rips Dems on Kavanaugh, says he'll 'get to the bottom of' FBI probe https://t.co/yewTiCbLaL https://t.co/Gr2LE5aid9",16
0.0,Sun Sep 30 18:00:00 +0000 2018,1.0,0.0,@FoxNews,0.0,Deaths of 'zombie' raccoons continue in Central Park https://t.co/szgtWR8AjM,17
0.1477,Sun Sep 30 17:56:00 +0000 2018,0.919,0.0,@FoxNews,0.081,".@anitakumar01: ""They really do want Canada involved, and so that's why you're seeing them make this last-minute pu‚Ä¶ https://t.co/JdL2hMP12T",18
-0.7096,Sun Sep 30 17:50:01 +0000 2018,0.576,0.424,@FoxNews,0.0,Kellyanne Conway speaks out: 'I'm a victim of sexual assault' https://t.co/BMYXo1buiy,19
0.6597,Sun Sep 30 17:45:00 +0000 2018,0.735,0.0,@FoxNews,0.265,'Join Me in an Elevator Any Time': Flake Booed at Global Citizen Festival After Kavanaugh Hearing https://t.co/Hts0tS3q0E,20
0.3182,Sun Sep 30 17:40:00 +0000 2018,0.905,0.0,@FoxNews,0.095,Jonathan Wachtel: ‚ÄúWe also have to make sure that we don‚Äôt alienate our ally because Saudi Arabia is on the front l‚Ä¶ https://t.co/qkIqFE08om,21
0.3182,Sun Sep 30 17:30:00 +0000 2018,0.85,0.0,@FoxNews,0.15,Huge shark swims by scientists in Atlantic as they discover colorful new fish https://t.co/OYYQw9kPTk,22
-0.4019,Sun Sep 30 17:12:49 +0000 2018,0.838,0.162,@FoxNews,0.0,"Disabled man, 60, fights to keep Pennsylvania home as community rallies to raise funds https://t.co/REZy9s9TMI",23
-0.4019,Sun Sep 30 17:00:00 +0000 2018,0.732,0.176,@FoxNews,0.093,"Christopher Scalia: ‚ÄúOn a general level, he wouldn‚Äôt be terribly surprised about the intensity surrounding this Sup‚Ä¶ https://t.co/fKu4Tujxyx",24
0.34,Sun Sep 30 16:57:51 +0000 2018,0.833,0.0,@FoxNews,0.167,'A Profound Cultural Moment': @charliekirk11 Applauds Kanye West's Pro-Trump Speech on 'SNL' https://t.co/pvqgJX2C4x,25
0.0,Sun Sep 30 16:40:18 +0000 2018,1.0,0.0,@FoxNews,0.0,.@CLewandowski_: ‚ÄúThis isn‚Äôt a victory for anybody.‚Äù #MediaBuzz https://t.co/N5JSobPN4m,26
0.0,Sun Sep 30 16:30:00 +0000 2018,1.0,0.0,@FoxNews,0.0,'Where Is Your Integrity?' Pirro Rips Dems for 'Hypocrisy' in Kavanaugh Hearing https://t.co/ZjFBXNsQkR,27
0.508,Sun Sep 30 16:25:00 +0000 2018,0.853,0.0,@FoxNews,0.147,"Inside the Kavanaugh confirmation! More on the impact, next steps, and what this means for America! Live special pr‚Ä¶ https://t.co/vLIIHAdJjm",28
0.0,Sun Sep 30 16:15:00 +0000 2018,1.0,0.0,@FoxNews,0.0,".@LindseyGrahamSC rips Dems on Kavanaugh, says he'll 'get to the bottom of' FBI probe https://t.co/39N4uWDkD6",29
-0.4588,Sun Sep 30 16:11:53 +0000 2018,0.824,0.176,@FoxNews,0.0,‚ÄòThey‚Äôve exploited this process‚Äô: @PressSec tells ‚Äò@FoxNewsSunday‚Äô the Democrats‚Äô handling of the Kavanaugh accusat‚Ä¶ https://t.co/UQvtjtXEr1,30
0.0941,Sun Sep 30 16:01:00 +0000 2018,0.853,0.065,@FoxNews,0.082,TODAY: Don't miss @PressSec's exclusive interview on @FoxNewsSunday. Tune in at 2p and 7p ET on Fox News Channel! https://t.co/1JG0SYM0ZU,31
-0.6486,Sun Sep 30 15:55:00 +0000 2018,0.699,0.301,@FoxNews,0.0,"Allentown, Pennsylvania, vehicle explosion leaves at least 1 dead, officials say https://t.co/y9r0rSF2q7",32
0.6369,Sun Sep 30 15:50:00 +0000 2018,0.811,0.0,@FoxNews,0.189,Peter Navarro: ‚ÄúPresident Donald J. Trump has very quietly been putting together the best performance on the econom‚Ä¶ https://t.co/ZGyHDVeJvd,33
0.0,Sun Sep 30 15:45:00 +0000 2018,1.0,0.0,@FoxNews,0.0,.@TGowdySC: ‚ÄúRod deserves to be heard out.‚Äù #SundayFutures @MariaBartiromo https://t.co/rtjUJ4qssL,34
0.0,Sun Sep 30 15:31:00 +0000 2018,1.0,0.0,@FoxNews,0.0,US flag seen shredded by Hurricane Florence being auctioned for Red Cross https://t.co/CoDfGbUi08,35
0.0,Sun Sep 30 15:12:13 +0000 2018,1.0,0.0,@FoxNews,0.0,".@LindseyGrahamSC: ‚ÄúI‚Äôm a bipartisan guy, I will continue to be. But when it comes to judicial nominees nominated b‚Ä¶ https://t.co/Gq7BJXWT3F",36
0.5413,Sun Sep 30 15:06:35 +0000 2018,0.8,0.0,@FoxNews,0.2,.@LindseyGrahamSC: ‚ÄúI‚Äôm highly confident he will be confirmed. He deserves to be confirmed.‚Äù #SundayFutures‚Ä¶ https://t.co/FLvE0VXlFJ,37
0.0,Sun Sep 30 15:00:01 +0000 2018,1.0,0.0,@FoxNews,0.0,.@FLOTUS departs for Africa Monday https://t.co/w527lNUdO8,38
0.0,Sun Sep 30 14:52:51 +0000 2018,1.0,0.0,@FoxNews,0.0,".@LindseyGrahamSC: ‚ÄúI think I spoke in a way that a lot of Republicans, at least, could relate to.‚Äù #SundayFutures‚Ä¶ https://t.co/zWZzOlfjMz",39
0.2023,Sun Sep 30 14:45:00 +0000 2018,0.878,0.0,@FoxNews,0.122,.@GOPLeader: ‚ÄúHow do we equal the playing field? Results versus resistance.‚Äù #SundayFutures @MariaBartiromo https://t.co/FyIJY6Nna4,40
0.0,Sun Sep 30 14:35:01 +0000 2018,1.0,0.0,@FoxNews,0.0,New SCOTUS term starts tomorrow https://t.co/yA750dvbyl,41
-0.4404,Sun Sep 30 14:20:22 +0000 2018,0.638,0.264,@FoxNews,0.098,"Tom Homan on @foxandfriends: ‚ÄúWhat is the downside in securing the border? There is no downside on this."" https://t.co/6qtvwyRu1H",42
0.0,Sun Sep 30 14:13:26 +0000 2018,1.0,0.0,@FoxNews,0.0,.@GriffJenkins is live with the ‚ÄòFox News Update‚Äô on Facebook Watch: https://t.co/hNrB8xzepH https://t.co/c0RFDYcgtu,43
-0.3182,Sun Sep 30 14:11:00 +0000 2018,0.881,0.119,@FoxNews,0.0,"TONIGHT: @benshapiro breaks down the Kavanaugh accusations, the hearings and D.C. hypocrisy on the second edition o‚Ä¶ https://t.co/EGvTZt7FzH",44
0.4767,Sun Sep 30 14:04:27 +0000 2018,0.806,0.0,@FoxNews,0.194,Tom Homan on @foxandfriends: ‚ÄúI know there‚Äôs a presumption of innocence in this country. That‚Äôs what the legal syst‚Ä¶ https://t.co/pnE397n5zb,45
-0.2023,Sun Sep 30 14:00:00 +0000 2018,0.847,0.153,@FoxNews,0.0,Dad charged after baby found crawling across New Jersey road https://t.co/I5WHAp4ArI,46
0.0,Sun Sep 30 13:51:20 +0000 2018,1.0,0.0,@FoxNews,0.0,"RT @FoxNewsSunday: On potential meeting between President Trump and Deputy AG Rod Rosenstein, @PressSec tells Chris: A date for that hasn‚Äôt‚Ä¶",47
0.0,Sun Sep 30 13:41:53 +0000 2018,1.0,0.0,@FoxNews,0.0,.@POTUS to hold rallies in four states this week https://t.co/f1OkDGaZb4,48
0.0,Sun Sep 30 13:41:01 +0000 2018,1.0,0.0,@FoxNews,0.0,.@WVGovernor: ‚ÄúWe think he stands for all the right things. The stuff he‚Äôs doing for this nation is unbelievable.‚Äù‚Ä¶ https://t.co/bDSJbRhUT1,49
0.6124,Sun Sep 30 13:40:03 +0000 2018,0.783,0.0,@FoxNews,0.217,"RT @FoxNewsSunday: On FBI Investigation, @PressSec tells Chris: This can‚Äôt become a fishing expedition like the Democrats would like to see‚Ä¶",50
0.0,Sun Sep 30 13:37:52 +0000 2018,1.0,0.0,@FoxNews,0.0,"RT @FoxNewsSunday: On reports of the White House limiting FBI Investigation, @PressSec tells Chris: The White House is not micromanaging th‚Ä¶",51
0.0258,Sun Sep 30 13:30:02 +0000 2018,0.611,0.191,@FoxNews,0.198,Tunnel to Towers helps families of the fallen @foxandfriends https://t.co/w15THVGCev,52
0.8176,Sun Sep 30 13:23:15 +0000 2018,0.667,0.0,@FoxNews,0.333,"RT @FoxNewsResearch: Supreme Court Firsts:
‚Ä¢Convened: Feb. 1, 1790
‚Ä¢Major legal decision: Chisholm v. Georgia (1793)
‚Ä¢Chief Justice: John J‚Ä¶",53
0.0,Sun Sep 30 13:21:30 +0000 2018,1.0,0.0,@FoxNews,0.0,RT @FoxNewsSunday: .@PressSec adds that the meeting could get pushed back another week given all that's happened with the #KavanaughConfirm‚Ä¶,54
0.4939,Sun Sep 30 13:17:00 +0000 2018,0.814,0.0,@FoxNews,0.186,Rudy Giuliani: ‚ÄúWe have to take care of the wounded and the fallen.‚Äù @foxandfriends https://t.co/MvgNzv616o,55
0.0,Sun Sep 30 13:16:13 +0000 2018,1.0,0.0,@FoxNews,0.0,"RT @FoxNewsSunday: On Trump/Rosenstein meeting, @PressSec tells Chris: A date for that hasn‚Äôt been set, it could be this week.",56
-0.4588,Sun Sep 30 13:08:56 +0000 2018,0.824,0.176,@FoxNews,0.0,"RT @FoxNewsSunday: On FBI Investigation, @PressSec tells Chris: The Democrats have exploited Dr. Ford. #Kavanaugh",57
0.6124,Sun Sep 30 13:08:09 +0000 2018,0.783,0.0,@FoxNews,0.217,"RT @FoxNewsSunday: On FBI Investigation, @PressSec tells Chris: This can‚Äôt become a fishing expedition like the Democrats would like to see‚Ä¶",58
0.0,Sun Sep 30 13:08:01 +0000 2018,1.0,0.0,@FoxNews,0.0,"RT @FoxNewsSunday: On reports of limiting FBI Investigation, @PressSec tells Chris: The WH is not micromanaging this process.  The Senate i‚Ä¶",59
0.5919,Sun Sep 30 13:00:01 +0000 2018,0.778,0.0,@FoxNews,0.222,"TONIGHT: Don't miss Kentucky Gov. @MattBevin on ""Life, Liberty and Levin"" hosted by @marklevinshow. Tune in at 11p‚Ä¶ https://t.co/CrzhMi49Cu",60
-0.1779,Sun Sep 30 12:53:23 +0000 2018,0.909,0.091,@FoxNews,0.0,"US warship sails by contested island chain in South China Sea in message to Beijing, official says https://t.co/nNwYFbWrQx",61
0.0,Sun Sep 30 12:30:00 +0000 2018,1.0,0.0,@FoxNews,0.0,"Kanye West delivers pro-Trump speech on 'Saturday Night Live,' receives boos from audience https://t.co/IgXXOYxHid",62
-0.7717,Sun Sep 30 12:10:00 +0000 2018,0.588,0.412,@FoxNews,0.0,Tennessee State's Christion Abercrombie in critical condition after emergency surgery for head injury https://t.co/Q7qSPpRr7g,63
0.0,Sun Sep 30 12:00:01 +0000 2018,1.0,0.0,@FoxNews,0.0,Andrew McCarthy: ‚ÄúThis investigation is not a trial.‚Äù @foxandfriends https://t.co/GQgxJgDFS7 https://t.co/ZANKjq4Ufv,64
0.0,Sun Sep 30 11:35:00 +0000 2018,1.0,0.0,@FoxNews,0.0,Manuel Padilla Jr.: ‚ÄúWe just need the wall.‚Äù @foxandfriends https://t.co/au8gQOdNUW,65
-0.4404,Sun Sep 30 11:15:00 +0000 2018,0.769,0.231,@FoxNews,0.0,Beto O'Rourke says passenger backs his claim of not fleeing after 1998 DUI crash https://t.co/dO6QX4ovZP,66
-0.4019,Sun Sep 30 11:01:41 +0000 2018,0.732,0.176,@FoxNews,0.093,"Christopher Scalia: ‚ÄúOn a general level, he wouldn‚Äôt be terribly surprised about the intensity surrounding this Sup‚Ä¶ https://t.co/DdmovEJXN1",67
-0.1027,Sun Sep 30 10:39:00 +0000 2018,0.928,0.072,@FoxNews,0.0,.@nedryun: ‚ÄúI am stunned at this behavior. We are just over a year removed from @SteveScalise and Republicans being‚Ä¶ https://t.co/uVQJLmEEMS,68
0.5106,Sun Sep 30 10:32:00 +0000 2018,0.852,0.0,@FoxNews,0.148,.@RCamposDuffy: ‚ÄúSo Matt Damon has millions of dollars to defend his name‚Ä¶but they‚Äôre gonna make fun of and critici‚Ä¶ https://t.co/osUkW6hgd9,69
-0.9246,Sun Sep 30 10:25:00 +0000 2018,0.41,0.59,@FoxNews,0.0,"Maxine Waters denies staffer leaked GOP senators' data, blasts 'dangerous lies' and 'conspiracy theories' https://t.co/wgr7Wg2AjS",70
-0.5106,Sun Sep 30 10:15:00 +0000 2018,0.708,0.292,@FoxNews,0.0,Washington man gets prison for overharvesting sea cucumbers https://t.co/zx7hhdTHcs,71
0.0,Sun Sep 30 10:08:00 +0000 2018,1.0,0.0,@FoxNews,0.0,Rep. Nancy Pelosi Calls Republicans 'Despicable' in Fundraising Email https://t.co/z3SG4ue2Ul,72
0.0,Sun Sep 30 10:00:01 +0000 2018,1.0,0.0,@FoxNews,0.0,"President @realDonaldTrump addressed the FBI investigation into Judge Kavanaugh Saturday: ""Well, I think it's fine.‚Ä¶ https://t.co/MzNaxuVQcP",73
-0.1132,Sun Sep 30 09:52:00 +0000 2018,0.516,0.251,@FoxNews,0.232,OPINION: Why is the Kavanaugh Supreme Court fight so vicious? Because government is too important https://t.co/NDCay9Dh7e,74
0.7579,Sun Sep 30 09:45:00 +0000 2018,0.606,0.0,@FoxNews,0.394,".@POTUS: ""America is winning again and America is respected again."" https://t.co/Hb6tsSw9Lg https://t.co/oHWP4VhOQq",75
0.4588,Sun Sep 30 09:37:00 +0000 2018,0.8,0.0,@FoxNews,0.2,"Demi Lovato‚Äôs overdose sparked massive interest in Narcan, president says (via @FoxBusiness) https://t.co/XXffMHkho6",76
0.0,Sun Sep 30 09:30:01 +0000 2018,1.0,0.0,@FoxNews,0.0,"President @realDonaldTrump: ""Republicans believe America should be a sanctuary for law abiding Americans, not crimi‚Ä¶ https://t.co/HZxcQFhdvr",77
0.0,Sun Sep 30 09:23:00 +0000 2018,1.0,0.0,@FoxNews,0.0,Call him 'Ye' ‚Äî Kanye West announced his new name ahead of 'SNL' appearance https://t.co/HOhvUollDU,78
0.2584,Sun Sep 30 09:15:00 +0000 2018,0.887,0.0,@FoxNews,0.113,"President @realDonaldTrump on @SenFeinstein's response that she didn't leak the Ford document: ""That was really bad‚Ä¶ https://t.co/FFW4rC71tx",79
0.5106,Sun Sep 30 09:08:00 +0000 2018,0.732,0.0,@FoxNews,0.268,Indonesia tsunami toll tops 800 amid search for survivors https://t.co/8gNaRfHl8m,80
0.4927,Sun Sep 30 09:00:01 +0000 2018,0.849,0.0,@FoxNews,0.151,"President @realDonaldTrump: ""A vote to confirm Judge Kavanaugh is a vote to confirm one of the most accomplished le‚Ä¶ https://t.co/py79sTMxCU",81
0.5994,Sun Sep 30 08:52:00 +0000 2018,0.822,0.0,@FoxNews,0.178,.@USMC Cpl. Justen L. Hagstrom watches a CH-53E Super Stallion aircraft conduct an aerial refuel as part of a cours‚Ä¶ https://t.co/3iwS6ogpV3,82
0.3384,Sun Sep 30 08:45:00 +0000 2018,0.854,0.0,@FoxNews,0.146,"President @realDonaldTrump on trade: ""China, we're taking them on very strongly. First time ever.""‚Ä¶ https://t.co/7Usk6A2jZk",83
0.0,Sun Sep 30 08:37:00 +0000 2018,1.0,0.0,@FoxNews,0.0,'Don't Lie to Me': Barbra Streisand Blasts President Trump in Song Off 'Walls' Album https://t.co/3lrA4P2bTX,84
-0.5423,Sun Sep 30 08:30:00 +0000 2018,0.741,0.259,@FoxNews,0.0,"Peter Navarro: ‚ÄúNAFTA was a tremendous, tremendous harm to this country.‚Äù https://t.co/Q4nE98hCIJ",85
-0.4767,Sun Sep 30 08:21:00 +0000 2018,0.86,0.14,@FoxNews,0.0,"Steve Hilton: ""Just as we're moving in the right direction on gender equality, we're moving in the wrong direction‚Ä¶ https://t.co/2o3tOgzGIn",86
0.7351,Sun Sep 30 08:15:00 +0000 2018,0.763,0.0,@FoxNews,0.237,Peter Navarro: ‚ÄúMost of the big issues are solved with Canada. It‚Äôs a great deal for all three countries in that it‚Ä¶ https://t.co/skckszOgD2,87
-0.4767,Sun Sep 30 08:07:00 +0000 2018,0.734,0.174,@FoxNews,0.093,Angelica Cervantes‚Äô son Erick Silva was among 58 killed in the Las Vegas mass shooting. He was a security guard at‚Ä¶ https://t.co/2hw7nYuSBK,88
-0.3412,Sun Sep 30 08:00:00 +0000 2018,0.901,0.099,@FoxNews,0.0,"Peter Navarro: ‚ÄúAt the end of the day, this president is not going to take a deal that‚Äôs not good for this county.‚Äù https://t.co/SrMapfHqpu",89
-0.2023,Sun Sep 30 07:45:00 +0000 2018,0.899,0.101,@FoxNews,0.0,"President @realDonaldTrump: ""They wanna fight that wall for political purposes. But we're building it...we'll get i‚Ä¶ https://t.co/3VjFY7t3dF",90
-0.5423,Sun Sep 30 07:37:00 +0000 2018,0.609,0.391,@FoxNews,0.0,Fisherman cuts shark loose; shark chomps outboard motor https://t.co/Vltsh4t8vh,91
0.7579,Sun Sep 30 07:30:00 +0000 2018,0.606,0.0,@FoxNews,0.394,".@POTUS: ""America is winning again and America is respected again."" https://t.co/Hb6tsSeyTI https://t.co/nZI53YcRNN",92
0.0,Sun Sep 30 07:22:00 +0000 2018,1.0,0.0,@FoxNews,0.0,Kavanaugh accuser Julie Swetnick faced own misconduct allegations at past job with tech firm: reports https://t.co/05PXennFtz,93
0.0,Sun Sep 30 07:15:00 +0000 2018,1.0,0.0,@FoxNews,0.0,"President @realDonaldTrump, speaking on voting in the midterms at a rally in West Virginia: ""If you aren't register‚Ä¶ https://t.co/FH8fxAPBao",94
0.8902,Sun Sep 30 07:07:00 +0000 2018,0.587,0.0,@FoxNews,0.413,GREAT ESCAPE: Dog in Virginia Beach possibly 'clawed' its way out of plastic bag prior to rescue https://t.co/gvv7K7w1K0,95
0.0,Sun Sep 30 07:00:00 +0000 2018,1.0,0.0,@FoxNews,0.0,"President @realDonaldTrump on trade relations with China: ""And they either open it up to make it fair...or we just‚Ä¶ https://t.co/7DpmsQyMg3",96
0.0,Sun Sep 30 06:52:00 +0000 2018,1.0,0.0,@FoxNews,0.0,White House limits FBI's Kavanaugh inquiry to 2 of 3 accusers: report https://t.co/labjueZ3l4,97
0.7073,Sun Sep 30 06:45:00 +0000 2018,0.755,0.0,@FoxNews,0.245,".@POTUS on North Korea: ""Now we have this great relationship, let's see what happens."" https://t.co/Hb6tsSw9Lg https://t.co/3Grtt5AhIk",98
-0.3182,Sun Sep 30 06:37:00 +0000 2018,0.813,0.187,@FoxNews,0.0,Cassidy: FBI Should Investigate Dems' Efforts to Delay Kavanaugh Confirmation https://t.co/uGQtDmHwsl,99
0.7906,Sun Sep 30 06:30:00 +0000 2018,0.696,0.0,@FoxNews,0.304,"Rep. @DevinNunes: ""When you take a Supreme Court justice, and you have senators talking about high school yearbooks‚Ä¶ https://t.co/N5rq3rHXkb",100
0.3716,Sun Sep 30 20:45:06 +0000 2018,0.835,0.0,@nytimes,0.165,RT @NYTSports ‚ÄúOur main goal was for the Redskins to make a safe working environment for the cheerleaders. But even‚Ä¶ https://t.co/KwMzTurBZt,1
0.0,Sun Sep 30 20:31:03 +0000 2018,1.0,0.0,@nytimes,0.0,Democrats have cast the initial list of 4 witnesses to be interviewed in the Kavanaugh FBI probe as not being enoug‚Ä¶ https://t.co/M8uKRRov9O,2
-0.3612,Sun Sep 30 20:15:05 +0000 2018,0.884,0.116,@nytimes,0.0,Consulting firm McKinsey &amp; Company is advising Puerto Rico on financial reforms to lighten its $123 billion debt. B‚Ä¶ https://t.co/P5CS0qx4de,3
0.1531,Sun Sep 30 20:00:06 +0000 2018,0.664,0.177,@nytimes,0.159,"In the shadow of a titanic confirmation fight, the Supreme Court has assembled a cautious docket that steers clear‚Ä¶ https://t.co/FwO6e0440D",4
0.1027,Sun Sep 30 19:49:19 +0000 2018,0.854,0.0,@nytimes,0.146,"""Night School"" steps over ""Smallfoot"" to reach Number One at the box office this weekend. https://t.co/2ATj1zFcZK",5
0.6369,Sun Sep 30 19:29:44 +0000 2018,0.776,0.0,@nytimes,0.224,"RT @nytimesbooks: Books, replete with emotional depth and rich character development, are ripe for big screen interpretation. Here are 8 ti‚Ä¶",6
-0.5859,Sun Sep 30 19:13:08 +0000 2018,0.817,0.183,@nytimes,0.0,"In Opinion

James Comey writes of the Kavanaugh sexual assault investigation, ""Although the process is deeply flawe‚Ä¶ https://t.co/AaFQLgAe2t",7
-0.3818,Sun Sep 30 19:00:05 +0000 2018,0.811,0.131,@nytimes,0.059,RT @nytpolitics: The Trump administration is claiming broad new authority to block access to abortions sought by undocumented immigrants un‚Ä¶,8
0.0,Sun Sep 30 18:45:07 +0000 2018,1.0,0.0,@nytimes,0.0,"A referendum on voting rights for ex-felons could change Florida‚Äôs electorate, enfranchising more people than any s‚Ä¶ https://t.co/8922A6XRUy",9
0.0,Sun Sep 30 18:45:07 +0000 2018,1.0,0.0,@nytimes,0.0,"A Sloan Kettering executive will give up his $1.4 million stake in a biotech start-up, as the hospital re-examines‚Ä¶ https://t.co/wQ2Kta2SSK",10
0.0,Sun Sep 30 18:15:06 +0000 2018,1.0,0.0,@nytimes,0.0,"The traditional tattoos of Alaska's native peoples are being embraced by a new generation of indigenous women, who‚Ä¶ https://t.co/bEbKVFDF8K",11
0.4215,Sun Sep 30 18:00:05 +0000 2018,0.851,0.0,@nytimes,0.149,The NFL is trying to make football safer. So why are its players wearing less padding? https://t.co/QUxQo5MdBx,12
0.0,Sun Sep 30 17:45:05 +0000 2018,1.0,0.0,@nytimes,0.0,"""Every company thinks that opening doors and hiring women is the end goal,"" said one Japanese advocate for working‚Ä¶ https://t.co/uHgfkcA97p",13
0.0,Sun Sep 30 17:31:06 +0000 2018,1.0,0.0,@nytimes,0.0,"RT @NYTMetro: The orchards of New York City are long gone, but there are plenty of apple trees, provided you‚Äôre not looking for Red Delicio‚Ä¶",14
0.0,Sun Sep 30 17:15:10 +0000 2018,1.0,0.0,@nytimes,0.0,"Even as Sweetgreen and its wholesome salad chain brethren flourish, even compostable and recyclable containers are,‚Ä¶ https://t.co/R0q84E2hhL",15
0.0,Sun Sep 30 17:00:07 +0000 2018,1.0,0.0,@nytimes,0.0,The big news from Kanye West on Saturday was supposed to be the release of his new album. But that's not what he ta‚Ä¶ https://t.co/1rP3eVwtyr,16
0.5994,Sun Sep 30 16:45:07 +0000 2018,0.754,0.0,@nytimes,0.246,"Senegal's majestic baobabs are like real-life giving trees, providing shade, gathering places, food ‚Äî even tombs. B‚Ä¶ https://t.co/WHKbSoj0sf",17
0.0,Sun Sep 30 16:29:06 +0000 2018,1.0,0.0,@nytimes,0.0,"In Opinion

Op-Ed contributor Timothy Keller writes, ""The historical Christian positions on social issues do not fi‚Ä¶ https://t.co/q2PN5lvP04",18
-0.7655,Sun Sep 30 16:14:03 +0000 2018,0.544,0.348,@nytimes,0.108,"""I feel very empathetic, frankly, for victims of sexual assault and sexual harassment and rape,"" Kellyanne Conway s‚Ä¶ https://t.co/cOyehh7yND",19
-0.3612,Sun Sep 30 15:57:03 +0000 2018,0.884,0.116,@nytimes,0.0,"The man holding the garage sale mentioned he was fundraising for a funeral. ""I said, 'Whose funeral?' And he said,‚Ä¶ https://t.co/KrBA7qR5ht",20
0.0258,Sun Sep 30 15:42:03 +0000 2018,0.673,0.184,@nytimes,0.143,"The tsunami and quake in Indonesia struck people preparing for a beach festival, collapsed a hotel full of competit‚Ä¶ https://t.co/nE0KUGamQ0",21
-0.1901,Sun Sep 30 15:28:22 +0000 2018,0.907,0.093,@nytimes,0.0,4 airlines ‚Äî¬†including Delta and American Airlines ‚Äî¬†are charging more for checked bags. But a few tricks can help‚Ä¶ https://t.co/nqHABI6f0u,22
0.2023,Sun Sep 30 15:11:39 +0000 2018,0.564,0.203,@nytimes,0.233,"Europe defeated the United States in the Ryder Cup, avenging a 2016 loss and extending a 25-year winning streak at‚Ä¶ https://t.co/9tDPj6McSL",23
-0.5574,Sun Sep 30 15:00:15 +0000 2018,0.625,0.263,@nytimes,0.113,A wave of political assassinations within South Africa's A.N.C. party threaten the stability of hard-hit parts of t‚Ä¶ https://t.co/54WzcjLC3g,24
-0.296,Sun Sep 30 14:45:11 +0000 2018,0.896,0.104,@nytimes,0.0,Critics say the profusion of advertising/phone kiosks in London is an eyesore and an intrusion into public space. B‚Ä¶ https://t.co/IrTJ6OuRdh,25
0.0,Sun Sep 30 14:30:10 +0000 2018,1.0,0.0,@nytimes,0.0,Hundreds of migrant children are being woken in the middle of the night and taken to unregulated tent camps where t‚Ä¶ https://t.co/t4JzxWThMz,26
0.4404,Sun Sep 30 14:26:49 +0000 2018,0.854,0.0,@nytimes,0.146,"As Americans cram into ever-tighter urban apartments, a question has emerged: Isn‚Äôt there some better way to furnis‚Ä¶ https://t.co/smNbsEKrBQ",27
0.0653,Sun Sep 30 14:15:57 +0000 2018,0.813,0.088,@nytimes,0.099,Daniel Te‚Äôo-Nesheim didn't have the most severe form of CTE. But he weathered about 100 concussions while playing f‚Ä¶ https://t.co/SSbK2vfExi,28
0.0,Sun Sep 30 14:00:03 +0000 2018,1.0,0.0,@nytimes,0.0,"The booming housing market is slowing down. Years of breakneck price increases have outpaced wages, and buyers have‚Ä¶ https://t.co/ozn9xGbbO3",29
0.0,Sun Sep 30 13:48:34 +0000 2018,1.0,0.0,@nytimes,0.0,"In many ways, the UK is in the same position it was on the morning after the 2016 Brexit referendum: without a clea‚Ä¶ https://t.co/bbNyf0TzSY",30
0.2846,Sun Sep 30 13:34:05 +0000 2018,0.893,0.0,@nytimes,0.107,"President Trump has said the FBI would have ""free rein"" to investigate allegations against Kavanaugh. But former cl‚Ä¶ https://t.co/ghjEKrvf7Z",31
0.0,Sun Sep 30 13:30:10 +0000 2018,1.0,0.0,@nytimes,0.0,"RT @nytimesarts: Kanye West dressed up as a bottle of Perrier on the Season 44 premiere of ""Saturday Night Live."" Later, things got really‚Ä¶",32
-0.34,Sun Sep 30 13:15:02 +0000 2018,0.906,0.094,@nytimes,0.0,"Robert Redford talks about what's next after saying ""The Old Man &amp; the Gun"" will not be his last film after all: ""I‚Ä¶ https://t.co/CXErseoPIH",33
0.4767,Sun Sep 30 13:00:10 +0000 2018,0.838,0.0,@nytimes,0.162,"The Times fact-checked Brett Kavanaugh's hearing testimony about his drinking habits and whether friends had ""refut‚Ä¶ https://t.co/69TOuugE3I",34
0.6582,Sun Sep 30 12:55:01 +0000 2018,0.796,0.0,@nytimes,0.204,"Bradley Cooper is very excited to finally reveal ""A Star Is Born."" But he isn't really excited to sit down and expl‚Ä¶ https://t.co/F66XJ2XtLB",35
0.0,Sun Sep 30 12:30:06 +0000 2018,1.0,0.0,@nytimes,0.0,"Organizers have announced a date for the 2019 Women's March, which will be held in Washington with sister demonstra‚Ä¶ https://t.co/ukJzMz60ha",36
-0.5267,Sun Sep 30 12:00:13 +0000 2018,0.805,0.195,@nytimes,0.0,"Brett Kavanaugh‚Äôs testimony raised questions about his neutrality and temperament, threatening the already fragile‚Ä¶ https://t.co/Uk3BfPHFsl",37
0.2617,Sun Sep 30 11:30:09 +0000 2018,0.767,0.091,@nytimes,0.141,The invisible recession: A major economic event in 2016 escaped much public notice. But its impact was huge. https://t.co/6XShm4hIIZ,38
-0.34,Sun Sep 30 11:21:00 +0000 2018,0.625,0.375,@nytimes,0.0,"Red Tide, Take Warning https://t.co/nPJsYnfwGg",39
-0.296,Sun Sep 30 11:00:17 +0000 2018,0.901,0.099,@nytimes,0.0,A sleepless night and pressure from all sides: Inside the 24 hours that led Senator Jeff Flake to call to investiga‚Ä¶ https://t.co/HHibDtKKeA,40
0.0,Sun Sep 30 10:47:04 +0000 2018,1.0,0.0,@nytimes,0.0,"Generation Grandparent: For My Grandchild, the Moon https://t.co/YbsGun5w86",41
0.25,Sun Sep 30 10:42:52 +0000 2018,0.818,0.0,@nytimes,0.182,Matt Damon Plays Brett Kavanaugh in ‚ÄòS.N.L.‚Äô Season Premiere https://t.co/3CqD7Aftmi,42
0.0,Sun Sep 30 10:31:06 +0000 2018,1.0,0.0,@nytimes,0.0,A 2016 law in France penalized paying for sex instead of selling it. But some prostitutes say that law puts them in‚Ä¶ https://t.co/OUumvI7VM2,43
-0.3612,Sun Sep 30 10:00:04 +0000 2018,0.889,0.111,@nytimes,0.0,"""Rarely has the reputation of a leader fallen so far, so fast."" Aung San Suu Kyi: Nobel laureate, democracy icon an‚Ä¶ https://t.co/9pGdOIuE9q",44
0.4939,Sun Sep 30 09:51:02 +0000 2018,0.738,0.0,@nytimes,0.262,Indonesia Tsunami Toll Soars Amid Push to Save Survivors https://t.co/aN9ArAV2zX,45
0.0,Sun Sep 30 09:41:43 +0000 2018,1.0,0.0,@nytimes,0.0,"Train stations, some remade and others crumbling, reflect the trajectories of their towns and cities. See what we f‚Ä¶ https://t.co/1SjefnRyYq",46
0.0,Sun Sep 30 09:24:38 +0000 2018,1.0,0.0,@nytimes,0.0,"‚ÄúBolivia starts producing wine where everybody else stops,"" said one Bolivian winemaker https://t.co/ibmK0JbEaN",47
-0.3818,Sun Sep 30 09:08:09 +0000 2018,0.874,0.126,@nytimes,0.0,"""Shock isn‚Äôt actually an emotion. It‚Äôs an amplification, or a performance, that masks the core reaction behind it ‚Äî‚Ä¶ https://t.co/k6KlzQ79Lf",48
0.0,Sun Sep 30 08:50:48 +0000 2018,1.0,0.0,@nytimes,0.0,"A year into the #MeToo movement, has the marketing machinery of the red carpet changed at all? (The early answer is‚Ä¶ https://t.co/C9WU39FAfZ",49
0.0772,Sun Sep 30 08:34:27 +0000 2018,0.582,0.175,@nytimes,0.243,"Consuming caffeine regularly may increase the ability to withstand pain, a small study suggests https://t.co/30KdfHy6bW",50
-0.296,Sun Sep 30 08:17:26 +0000 2018,0.761,0.239,@nytimes,0.0,No expensive equipment or fancy ingredients necessary https://t.co/R6IM2ySjhY,51
0.6597,Sun Sep 30 08:00:33 +0000 2018,0.779,0.0,@nytimes,0.221,36 Hours in Montreal: This cosmopolitan city gives you the chance to tour streets filled with vibrant street art an‚Ä¶ https://t.co/alNBe3RN7B,52
0.128,Sun Sep 30 07:44:25 +0000 2018,0.8,0.0,@nytimes,0.2,This artist's work challenges the idea that ceramics are necessarily delicate¬†https://t.co/BEbo9fDV7o,53
0.0,Sun Sep 30 07:09:29 +0000 2018,1.0,0.0,@nytimes,0.0,Colleges kept beer out of football stadiums for years. Now some of them are working to sell booze to fans so they d‚Ä¶ https://t.co/vaFslNZ1r3,54
0.4215,Sun Sep 30 06:53:20 +0000 2018,0.851,0.0,@nytimes,0.149,The NFL is trying to make football safer. So why are its players wearing less padding? https://t.co/OLO9K5f7cl,55
-0.5216,Sun Sep 30 06:37:09 +0000 2018,0.598,0.402,@nytimes,0.0,You were never second best https://t.co/ATplcP59kS,56
0.0,Sun Sep 30 06:19:44 +0000 2018,1.0,0.0,@nytimes,0.0,letters: The Feminists and the Frat House https://t.co/4kORCydyIS,57
0.0,Sun Sep 30 06:15:30 +0000 2018,1.0,0.0,@nytimes,0.0,"Kurt Vile's music is personal ‚Äî the ‚ÄúI‚Äù in his songs, he says, is almost always himself ‚Äî but not revealing https://t.co/MfHpIvkOuQ",58
-0.4939,Sun Sep 30 05:59:02 +0000 2018,0.819,0.181,@nytimes,0.0,"""As my summer of pop-ups dragged on, I began to dread my evenings. What began as a kicky story idea became a masoch‚Ä¶ https://t.co/87M6VIqdgQ",59
-0.3612,Sun Sep 30 05:42:23 +0000 2018,0.762,0.238,@nytimes,0.0,Are we born to be physically lazy? Probably. https://t.co/H22vGWszgP,60
0.4939,Sun Sep 30 05:25:47 +0000 2018,0.64,0.096,@nytimes,0.264,"In a real estate market tinged with uncertainty, renting feels like a safer bet to a number of people who could wel‚Ä¶ https://t.co/Tn26FyuilQ",61
0.0,Sun Sep 30 05:08:42 +0000 2018,1.0,0.0,@nytimes,0.0,"10 of the most-asked wedding-etiquette questions, answered https://t.co/ptS2HwMJ4R",62
-0.6486,Sun Sep 30 04:51:22 +0000 2018,0.83,0.17,@nytimes,0.0,Toxic chemicals are lingering in the blubber of killer whales ‚Äî and they may end up wiping out half the world‚Äôs pop‚Ä¶ https://t.co/sFUb77o0Hb,63
-0.0516,Sun Sep 30 04:33:54 +0000 2018,0.948,0.052,@nytimes,0.0,"RT @NYTHealth: The E.P.A. on Tuesday put the head of its Office of Children's Health Protection on administrative leave, an unusual move af‚Ä¶",64
0.0,Sun Sep 30 04:17:52 +0000 2018,1.0,0.0,@nytimes,0.0,"The wild, ragged days of Governors Island are over, and development is coming https://t.co/5RYCRYzODg",65
0.0,Sun Sep 30 04:00:19 +0000 2018,1.0,0.0,@nytimes,0.0,"""Mind-blowing"" 3-D maps of ancient Maya structures revealed beneath the canopy of the Guatemalan jungle by laser te‚Ä¶ https://t.co/OyasGWqwJF",66
0.296,Sun Sep 30 03:41:12 +0000 2018,0.896,0.0,@nytimes,0.104,Robin Williams was an avid collector of art and memorabilia. A portion of his collection is coming up for sale. https://t.co/WC6pUczBla,67
-0.2732,Sun Sep 30 03:23:16 +0000 2018,0.597,0.254,@nytimes,0.149,"On Baseball: For David Wright, the Mets‚Äô No. 5, a Sweet End to a Painful Journey https://t.co/w378Zv2XdY",68
0.0,Sun Sep 30 03:17:15 +0000 2018,1.0,0.0,@nytimes,0.0,"""When you are a new mother, there are two things you will be asked about constantly, your baby and your boobs ‚Äî spe‚Ä¶ https://t.co/jrygJNih1p",69
-0.296,Sun Sep 30 02:59:40 +0000 2018,0.885,0.115,@nytimes,0.0,"Review: ""Black '47"" is a film about revenge, but studded with harrowing historical details about the Irish famine. https://t.co/rQB3NR1nQS",70
0.4168,Sun Sep 30 02:42:38 +0000 2018,0.835,0.0,@nytimes,0.165,Iranian Official Says Oil Deal With Europeans Is Close Despite Threat of U.S. Sanctions https://t.co/ufK1Eqo9vS,71
-0.7964,Sun Sep 30 02:26:32 +0000 2018,0.728,0.272,@nytimes,0.0,"RT @nytpolitics: With his fury and righteous indignation, Judge Kavanaugh becomes an avatar for Americans who saw Trump's election as vindi‚Ä¶",72
0.4019,Sun Sep 30 02:08:44 +0000 2018,0.856,0.0,@nytimes,0.144,"Whether you‚Äôre after a night in with your special someone or your sweatpants, this is your pasta https://t.co/ObQaJspGsr",73
0.765,Sun Sep 30 01:52:41 +0000 2018,0.577,0.085,@nytimes,0.338,Having all the right cholesterol numbers and staying active is no guarantee your heart is in great shape https://t.co/w4a83p177s,74
0.6486,Sun Sep 30 01:35:03 +0000 2018,0.782,0.0,@nytimes,0.218,RT @nytimesmusic: Pill testing has also become more common over the past few years at festivals in the United States https://t.co/iMINACZEKm,75
-0.4767,Sun Sep 30 01:25:08 +0000 2018,0.512,0.34,@nytimes,0.149,"Panic in Central Park: Noise at Global Citizen Festival Was Fallen Barrier, Not Gunshots https://t.co/RWqLi2fLMC",76
0.7579,Sun Sep 30 01:19:38 +0000 2018,0.746,0.0,@nytimes,0.254,"""I feel like it was a message being sent: 'Don‚Äôt be like Tara or you will end up like Tara,'"" one woman said of the‚Ä¶ https://t.co/X6ADa3Jsjq",77
0.4215,Sun Sep 30 01:03:22 +0000 2018,0.743,0.0,@nytimes,0.257,"U.S. Weighed Penalizing El Salvador Over Support for China, Then Backed Off https://t.co/TkBOYa8uPO",78
0.3919,Sun Sep 30 01:02:39 +0000 2018,0.865,0.0,@nytimes,0.135,"Christine Blasey Ford's composed, but wrenching, testimony was ""a stark reminder of the gender dynamics, and mental‚Ä¶ https://t.co/JcSJ1sduYP",79
0.3818,Sun Sep 30 00:45:18 +0000 2018,0.86,0.0,@nytimes,0.14,Here are 3 things an FBI investigation into Christine Blasey Ford's allegations against Kavanaugh could clear up. https://t.co/kzlrRZksSG,80
0.5267,Sun Sep 30 00:26:54 +0000 2018,0.764,0.0,@nytimes,0.236,"Japan‚Äôs Mothers Go Back to Work, but Find the Opportunities Lacking https://t.co/N6tX0JO4vJ",81
-0.3818,Sun Sep 30 00:23:20 +0000 2018,0.794,0.206,@nytimes,0.0,"On Crowded London Streets, Councils Fight a Flood of Phone Boxes https://t.co/NYg9Yxk2Vz",82
0.25,Sun Sep 30 00:21:31 +0000 2018,0.889,0.0,@nytimes,0.111,"In the Connecticut wilderness, a Portuguese hotel designer has created an unexpected respite that retains the magic‚Ä¶ https://t.co/7O77L21MyG",83
-0.1027,Sun Sep 30 00:05:00 +0000 2018,0.909,0.091,@nytimes,0.0,Warren Says She Will Take ‚ÄòA Hard Look‚Äô at Running for President in 2020 https://t.co/L34wqV5e2M,84
-0.1027,Sat Sep 29 23:54:36 +0000 2018,0.935,0.065,@nytimes,0.0,Senator Elizabeth Warren says she would ‚Äútake a hard look‚Äù at running for president in 2020 and called on the natio‚Ä¶ https://t.co/OTvefIubRm,85
0.5106,Sat Sep 29 23:40:06 +0000 2018,0.732,0.0,@nytimes,0.268,Roast a chicken and you know you have a comfortable meal https://t.co/fCEZkKuow9,86
0.0,Sat Sep 29 23:22:24 +0000 2018,1.0,0.0,@nytimes,0.0,"Yankees 8, Red Sox 5: Yankees Send One Over the Fence and Into the Record Book https://t.co/Nw6IAy9L6h",87
-0.743,Sat Sep 29 23:15:07 +0000 2018,0.741,0.259,@nytimes,0.0,"With all of its emotion and anger, the fight over Brett Kavanaugh‚Äôs nomination shows the power ‚Äî and limitations ‚Äî‚Ä¶ https://t.co/noh4jNNSNi",88
0.6369,Sat Sep 29 23:11:23 +0000 2018,0.488,0.0,@nytimes,0.512,Why I Love Reality Television https://t.co/AGqWcEkMpq,89
0.0,Sat Sep 29 23:00:05 +0000 2018,1.0,0.0,@nytimes,0.0,"The ancient roads, pyramids and houses revealed by laser mapping are forcing researchers to reevaluate what they th‚Ä¶ https://t.co/baWBR8vmel",90
0.0,Sat Sep 29 22:59:43 +0000 2018,1.0,0.0,@nytimes,0.0,"In KFC‚Äôs China Ads, Nuggets Are Served With Patriotism https://t.co/6NkG3Ummnl",91
-0.8225,Sat Sep 29 22:52:39 +0000 2018,0.677,0.323,@nytimes,0.0,RT @nytopinion: The battle between the competing moralisms behind the Kavanaugh hearings risks becoming an all-out war between the sexes ‚Äî‚Ä¶,92
0.8625,Sat Sep 29 22:40:08 +0000 2018,0.548,0.071,@nytimes,0.381,"RT @nytimesworld: ‚ÄúWithout any trust in the United States, there will be no confidence in our national security, and under such circumstanc‚Ä¶",93
0.6369,Sat Sep 29 22:26:18 +0000 2018,0.802,0.0,@nytimes,0.198,"The single best use of boneless, skinless chicken breasts? Make chicken francese, an Italian-American staple with l‚Ä¶ https://t.co/RlGsumk7mI",94
0.0,Sat Sep 29 22:10:07 +0000 2018,1.0,0.0,@nytimes,0.0,"As others fled amid a 7.5 magnitude earthquake, the last act of an air traffic controller in Palu, Indonesia was to‚Ä¶ https://t.co/krLnJkGH9P",95
0.1027,Sat Sep 29 21:58:37 +0000 2018,0.862,0.06,@nytimes,0.078,Breaking News: Elon Musk will step down as Tesla's chairman for 3 years and pay a $20 million fine in an S.E.C. set‚Ä¶ https://t.co/BqwBhxl4xT,96
0.0,Sat Sep 29 21:44:42 +0000 2018,1.0,0.0,@nytimes,0.0,RT @NYTScience: Their dad went to the moon and back. He wanted to know if they mowed the lawn. https://t.co/CFi9Hyye3a,97
0.0,Sat Sep 29 21:30:12 +0000 2018,1.0,0.0,@nytimes,0.0,"Train stations, some remade and others crumbling, reflect the trajectories of their towns and cities. See what we f‚Ä¶ https://t.co/icEIVfkdLi",98
-0.2732,Sat Sep 29 21:15:06 +0000 2018,0.89,0.11,@nytimes,0.0,"In Opinion

Op-Ed contributor Rebecca Traister writes, ""This political moment has provoked a period in which more a‚Ä¶ https://t.co/2bLeiEnY5c",99
0.0,Sat Sep 29 21:00:09 +0000 2018,1.0,0.0,@nytimes,0.0,The clock has begun ticking on the one-week FBI investigation into sexual misconduct allegations made against Brett‚Ä¶ https://t.co/2iTIWCs99o,100
